Full Export Completed,Partial Result Timestamp,Filters,Media Type,Users,Remote,Date,Duration,Direction,Queue,Wrap-up,External Tag,Subject,Total Handle
Yes,,Media Type: Email; Queue: RM,Email,RM Shared Mailbox; Noah Wilson,customer0001@example.com,2026-05-13 12:58:00,0:16:02,Inbound,Operations Email,Completed,GEN-000001,P2 - 1129000001 - Lift Fault Reported,962
Yes,,Media Type: Email; Queue: RM,Email,Case Owner; Noah Wilson,customer0002@example.com,2026-05-22 10:29:00,0:04:49,Inbound,Facilities Email,Transferred,GEN-000002,P2 - 1129000002 - Hot Water Issue,289
Yes,,Media Type: Email; Queue: RM,Email,"Shared Inbox, Chloe Martin",customer0003@example.com,2026-05-12 13:18:00,0:19:14,Outbound,RM Priority Email,Information Provided,GEN-000003,P5 (within 7 days) - 1129000003 - Drainage Issue,1154
Yes,,Media Type: Email; Queue: RM,Email,Queue Transfer; Sophie Brown,customer0004@example.com,2026-05-26 13:24:00,0:19:22,Inbound,RM Priority Email,Completed,GEN-000004,P5 (within 7 days) - 1129000004 - Roof Leak,1162
Yes,,Media Type: Email; Queue: RM,Email,Chloe Martin,customer0005@example.com,2026-05-07 09:51:00,0:06:46,Inbound,Maintenance Email,Awaiting Customer Response,GEN-000005,P3.5 - 1129000005 - Irrigation Issue,406
Yes,,Media Type: Email; Queue: RM,Email,Initial Handler; Queue Transfer; Mia Thompson,customer0006@example.com,2026-05-18 07:53:00,0:14:38,Inbound,Operations Email,Duplicate,GEN-000006,P5 - 1129000006 - Pest Control Request,878
Yes,,Media Type: Email; Queue: RM,Email,Initial Handler; Queue Transfer; Ethan Clark,customer0007@example.com,2026-05-17 12:51:00,0:09:46,Outbound,Maintenance Email,Information Provided,GEN-000007,P4 - 1129000007 - Signage Repair Request,586
Yes,,Media Type: Email; Queue: RM,Email,Case Owner; Lucas Moore,customer0008@example.com,2026-05-10 14:24:00,0:19:11,Inbound,Maintenance Email,Duplicate,GEN-000008,P4 - 1129000008 - Toilet Blockage,1151
Yes,,Media Type: Email; Queue: RM,Email,"Shared Inbox, Ava Robinson",customer0009@example.com,2026-05-05 07:59:00,0:08:20,Outbound,RM Priority Email,Completed,GEN-000009,P4 - 1129000009 - Signage Repair Request,500
Yes,,Media Type: Email; Queue: RM,Email,Case Owner; Ethan Clark,customer0010@example.com,2026-05-02 10:44:00,0:16:15,Inbound,Operations Email,Follow Up Required,GEN-000010,P4 - 1129000010 - Heating Issue,975
Yes,,Media Type: Email; Queue: RM,Email,Alex Johnson,customer0011@example.com,2026-05-07 15:57:00,0:12:06,Inbound,RM Email,Information Provided,GEN-000011,P3 - 1129000011 - Heating Issue,726
Yes,,Media Type: Email; Queue: RM,Email,Initial Handler; Queue Transfer; Brianna Smith,customer0012@example.com,2026-05-23 09:35:00,0:15:34,Outbound,Operations Email,Completed,GEN-000012,P4 - 1129000012 - Graffiti Removal Request,934
Yes,,Media Type: Email; Queue: RM,Email,Queue Transfer; Chloe Martin,customer0013@example.com,2026-05-16 07:48:00,0:17:37,Inbound,RM Priority Email,Completed,GEN-000013,P4 - 1129000013 - Water Leak Reported,1057
Yes,,Media Type: Email; Queue: RM,Email,"Shared Inbox, Daniel Lee",customer0014@example.com,2026-05-09 08:08:00,0:06:05,Outbound,RM Email,Duplicate,GEN-000014,P1 - 1129000014 - Lighting Fault,365
Yes,,Media Type: Email; Queue: RM,Email,Queue Transfer; Noah Wilson,customer0015@example.com,2026-05-15 15:56:00,0:15:52,Outbound,Maintenance Email,Transferred,GEN-000015,P3 - 1129000015 - Fridge Not Working,952
Yes,,Media Type: Email; Queue: RM,Email,RM Shared Mailbox; Lucas Moore,customer0016@example.com,2026-05-30 11:35:00,0:05:19,Outbound,RM Email,Transferred,GEN-000016,P5 - 1129000016 - Car Park Lighting Fault,319
Yes,,Media Type: Email; Queue: RM,Email,Case Owner; Alex Johnson,customer0017@example.com,2026-05-01 11:37:00,0:08:37,Inbound,RM Email,Duplicate,GEN-000017,P3 - 1129000017 - Access Card Issue,517
Yes,,Media Type: Email; Queue: RM,Email,Case Owner; Mia Thompson,customer0018@example.com,2026-05-03 10:44:00,0:15:09,Inbound,RM Email,Duplicate,GEN-000018,P3 - 1129000018 - Air Conditioner Fault,909
Yes,,Media Type: Email; Queue: RM,Email,Olivia Harris,customer0019@example.com,2026-05-24 10:08:00,0:04:34,Inbound,Operations Email,Follow Up Required,GEN-000019,P3 - 1129000019 - Fence Damage,274
Yes,,Media Type: Email; Queue: RM,Email,"Shared Inbox, Sophie Brown",customer0020@example.com,2026-05-29 07:03:00,0:06:42,Inbound,Facilities Email,Duplicate,GEN-000020,P5 - 1129000020 - Furniture Repair Request,402
Yes,,Media Type: Email; Queue: RM,Email,Queue Transfer; Mia Thompson,customer0021@example.com,2026-05-15 10:20:00,0:16:25,Inbound,Operations Email,Duplicate,GEN-000021,P3 - 1129000021 - Access Card Issue,985
Yes,,Media Type: Email; Queue: RM,Email,RM Shared Mailbox; Emily Carter,customer0022@example.com,2026-05-15 09:19:00,0:14:40,Inbound,Facilities Email,Transferred,GEN-000022,P3.5 - 1129000022 - Power Outage,880
Yes,,Media Type: Email; Queue: RM,Email,RM Shared Mailbox; Liam Davis,customer0023@example.com,2026-05-02 13:42:00,0:07:48,Outbound,Facilities Email,Completed,GEN-000023,P5 - 1129000023 - After Hours Maintenance Request,468
Yes,,Media Type: Email; Queue: RM,Email,Queue Transfer; Ava Robinson,customer0024@example.com,2026-05-01 16:39:00,0:11:06,Outbound,RM Email,Awaiting Customer Response,GEN-000024,P2 - 1129000024 - Fence Damage,666
Yes,,Media Type: Email; Queue: RM,Email,Queue Transfer; Olivia Harris,customer0025@example.com,2026-05-19 09:30:00,0:13:28,Inbound,RM Priority Email,Follow Up Required,GEN-000025,P2 - 1129000025 - Toilet Blockage,808
Yes,,Media Type: Email; Queue: RM,Email,Case Owner; Mia Thompson,customer0026@example.com,2026-05-27 15:16:00,0:15:01,Inbound,Maintenance Email,Follow Up Required,GEN-000026,P4 - 1129000026 - Toilet Blockage,901
Yes,,Media Type: Email; Queue: RM,Email,Queue Transfer; Grace Taylor,customer0027@example.com,2026-05-02 07:14:00,0:07:54,Inbound,Operations Email,Completed,GEN-000027,P3 - 1129000027 - Odour In Bathroom,474
Yes,,Media Type: Email; Queue: RM,Email,Initial Handler; Queue Transfer; Olivia Harris,customer0028@example.com,2026-05-16 12:58:00,0:16:35,Outbound,RM Priority Email,Information Provided,GEN-000028,P2 - 1129000028 - Water Leak Reported,995
Yes,,Media Type: Email; Queue: RM,Email,Initial Handler; Queue Transfer; Ava Robinson,customer0029@example.com,2026-05-09 07:30:00,0:14:02,Inbound,RM Priority Email,Completed,GEN-000029,P1 - 1129000029 - Electrical Fault,842
Yes,,Media Type: Email; Queue: RM,Email,Ethan Clark,customer0030@example.com,2026-05-23 07:11:00,0:11:54,Inbound,Facilities Email,Follow Up Required,GEN-000030,P5 - 1129000030 - Door Lock Not Working,714
Yes,,Media Type: Email; Queue: RM,Email,Initial Handler; Queue Transfer; Emily Carter,customer0031@example.com,2026-05-10 14:28:00,0:09:13,Inbound,Facilities Email,Completed,GEN-000031,P2 - 1129000031 - Toilet Blockage,553
Yes,,Media Type: Email; Queue: RM,Email,"Shared Inbox, Liam Davis",customer0032@example.com,2026-05-30 10:16:00,0:06:37,Outbound,RM Email,Completed,GEN-000032,P2 - 1129000032 - After Hours Maintenance Request,397
Yes,,Media Type: Email; Queue: RM,Email,RM Shared Mailbox; Daniel Lee,customer0033@example.com,2026-05-05 08:53:00,0:08:34,Inbound,RM Priority Email,Duplicate,GEN-000033,P3 - 1129000033 - Kitchen Equipment Fault,514
Yes,,Media Type: Email; Queue: RM,Email,Initial Handler; Queue Transfer; Ethan Clark,customer0034@example.com,2026-05-22 07:43:00,0:18:24,Outbound,Facilities Email,Completed,GEN-000034,P2 - 1129000034 - Waste Collection Query,1104
Yes,,Media Type: Email; Queue: RM,Email,RM Shared Mailbox; Alex Johnson,customer0035@example.com,2026-05-05 10:19:00,0:10:30,Inbound,RM Priority Email,Follow Up Required,GEN-000035,P2 - 1129000035 - Security Door Fault,630
Yes,,Media Type: Email; Queue: RM,Email,Case Owner; Emily Carter,customer0036@example.com,2026-05-30 13:41:00,0:19:23,Outbound,RM Email,Awaiting Customer Response,GEN-000036,P3 - 1129000036 - Graffiti Removal Request,1163
Yes,,Media Type: Email; Queue: RM,Email,Lucas Moore,customer0037@example.com,2026-05-02 14:05:00,0:07:00,Outbound,RM Email,Transferred,GEN-000037,P3 - 1129000037 - Fire Door Issue,420
Yes,,Media Type: Email; Queue: RM,Email,Queue Transfer; Noah Wilson,customer0038@example.com,2026-05-25 15:50:00,0:07:39,Outbound,RM Email,Information Provided,GEN-000038,P4 - 1129000038 - Tap Not Working,459
Yes,,Media Type: Email; Queue: RM,Email,Alex Johnson,customer0039@example.com,2026-05-20 07:50:00,0:12:30,Outbound,RM Email,Awaiting Customer Response,GEN-000039,P5 - 1129000039 - Hot Water Issue,750
Yes,,Media Type: Email; Queue: RM,Email,Initial Handler; Queue Transfer; Liam Davis,customer0040@example.com,2026-05-20 11:55:00,0:13:49,Outbound,Facilities Email,Follow Up Required,GEN-000040,P3 - 1129000040 - Office Temperature Issue,829
Yes,,Media Type: Email; Queue: RM,Email,Initial Handler; Queue Transfer; Chloe Martin,customer0041@example.com,2026-05-16 13:49:00,0:09:48,Outbound,RM Priority Email,Information Provided,GEN-000041,P2 - 1129000041 - Lift Fault Reported,588
Yes,,Media Type: Email; Queue: RM,Email,Sophie Brown,customer0042@example.com,2026-05-03 11:11:00,0:07:00,Inbound,Operations Email,Follow Up Required,GEN-000042,P4 - 1129000042 - Window Repair Request,420
Yes,,Media Type: Email; Queue: RM,Email,Initial Handler; Queue Transfer; Daniel Lee,customer0043@example.com,2026-05-23 07:46:00,0:10:56,Outbound,Maintenance Email,Follow Up Required,GEN-000043,P5 - 1129000043 - Fridge Not Working,656
Yes,,Media Type: Email; Queue: RM,Email,Case Owner; Ava Robinson,customer0044@example.com,2026-05-10 09:42:00,0:12:41,Outbound,RM Priority Email,Information Provided,GEN-000044,P4 - 1129000044 - Power Outage,761
Yes,,Media Type: Email; Queue: RM,Email,Case Owner; Alex Johnson,customer0045@example.com,2026-05-18 08:41:00,0:05:23,Outbound,Maintenance Email,Duplicate,GEN-000045,P3 - 1129000045 - Roof Leak,323
Yes,,Media Type: Email; Queue: RM,Email,RM Shared Mailbox; Grace Taylor,customer0046@example.com,2026-05-28 07:43:00,0:15:41,Outbound,RM Priority Email,Completed,GEN-000046,P3 - 1129000046 - External Lighting Fault,941
Yes,,Media Type: Email; Queue: RM,Email,Initial Handler; Queue Transfer; Noah Wilson,customer0047@example.com,2026-05-29 10:33:00,0:15:09,Inbound,Facilities Email,Duplicate,GEN-000047,P2 - 1129000047 - After Hours Maintenance Request,909
Yes,,Media Type: Email; Queue: RM,Email,RM Shared Mailbox; Mia Thompson,customer0048@example.com,2026-05-13 12:39:00,0:04:40,Inbound,Operations Email,Information Provided,GEN-000048,P4 - 1129000048 - Electrical Fault,280
Yes,,Media Type: Email; Queue: RM,Email,Case Owner; Grace Taylor,customer0049@example.com,2026-05-03 14:40:00,0:15:37,Inbound,Facilities Email,Information Provided,GEN-000049,P5 - 1129000049 - Waste Collection Query,937
Yes,,Media Type: Email; Queue: RM,Email,RM Shared Mailbox; Lucas Moore,customer0050@example.com,2026-05-26 10:22:00,0:08:54,Outbound,Operations Email,Transferred,GEN-000050,P1 - 1129000050 - Waste Collection Query,534
Yes,,Media Type: Email; Queue: RM,Email,RM Shared Mailbox; Daniel Lee,customer0051@example.com,2026-05-01 07:25:00,0:10:38,Inbound,Operations Email,Transferred,GEN-000051,P3 - 1129000051 - General Maintenance Request,638
Yes,,Media Type: Email; Queue: RM,Email,RM Shared Mailbox; Lucas Moore,customer0052@example.com,2026-05-16 09:57:00,0:18:08,Outbound,Facilities Email,Duplicate,GEN-000052,P2 - 1129000052 - Smoke Alarm Fault,1088
Yes,,Media Type: Email; Queue: RM,Email,Mia Thompson,customer0053@example.com,2026-05-23 15:05:00,0:13:49,Inbound,RM Email,Duplicate,GEN-000053,P5 - 1129000053 - Access Card Issue,829
Yes,,Media Type: Email; Queue: RM,Email,Queue Transfer; Alex Johnson,customer0054@example.com,2026-05-13 13:31:00,0:11:18,Inbound,RM Email,Completed,GEN-000054,P4 - 1129000054 - Electrical Fault,678
Yes,,Media Type: Email; Queue: RM,Email,Initial Handler; Queue Transfer; Mia Thompson,customer0055@example.com,2026-05-17 09:46:00,0:09:17,Outbound,Operations Email,Duplicate,GEN-000055,P3 - 1129000055 - Roof Leak,557
Yes,,Media Type: Email; Queue: RM,Email,RM Shared Mailbox; Jordan Nguyen,customer0056@example.com,2026-05-09 08:15:00,0:10:57,Inbound,Maintenance Email,Completed,GEN-000056,P3 - 1129000056 - Odour In Bathroom,657
Yes,,Media Type: Email; Queue: RM,Email,RM Shared Mailbox; Sophie Brown,customer0057@example.com,2026-05-12 15:11:00,0:14:51,Outbound,Maintenance Email,Transferred,GEN-000057,P3 - 1129000057 - Broken Door Handle,891
Yes,,Media Type: Email; Queue: RM,Email,Case Owner; Noah Wilson,customer0058@example.com,2026-05-20 13:07:00,0:16:59,Inbound,RM Email,Information Provided,GEN-000058,P5 (within 7 days) - 1129000058 - After Hours Maintenance Request,1019
Yes,,Media Type: Email; Queue: RM,Email,Case Owner; Grace Taylor,customer0059@example.com,2026-05-07 09:45:00,0:19:03,Inbound,RM Email,Awaiting Customer Response,GEN-000059,P2 - 1129000059 - Graffiti Removal Request,1143
Yes,,Media Type: Email; Queue: RM,Email,Case Owner; Grace Taylor,customer0060@example.com,2026-05-12 07:26:00,0:17:33,Inbound,Facilities Email,Awaiting Customer Response,GEN-000060,P2 - 1129000060 - Fence Damage,1053
Yes,,Media Type: Email; Queue: RM,Email,Case Owner; Emily Carter,customer0061@example.com,2026-05-30 11:53:00,0:14:36,Outbound,Facilities Email,Follow Up Required,GEN-000061,P3 - 1129000061 - Fire Door Issue,876
Yes,,Media Type: Email; Queue: RM,Email,Queue Transfer; Olivia Harris,customer0062@example.com,2026-05-17 10:58:00,0:11:32,Inbound,Facilities Email,Transferred,GEN-000062,P2 - 1129000062 - Grounds Maintenance Request,692
Yes,,Media Type: Email; Queue: RM,Email,"Shared Inbox, Noah Wilson",customer0063@example.com,2026-05-12 09:56:00,0:10:52,Inbound,Operations Email,Transferred,GEN-000063,P3 - 1129000063 - Furniture Repair Request,652
Yes,,Media Type: Email; Queue: RM,Email,Case Owner; Emily Carter,customer0064@example.com,2026-05-30 15:16:00,0:18:13,Outbound,Operations Email,Follow Up Required,GEN-000064,P4 - 1129000064 - General Maintenance Request,1093
Yes,,Media Type: Email; Queue: RM,Email,RM Shared Mailbox; Mia Thompson,customer0065@example.com,2026-05-18 14:16:00,0:10:34,Outbound,Operations Email,Information Provided,GEN-000065,P1 - 1129000065 - After Hours Maintenance Request,634
Yes,,Media Type: Email; Queue: RM,Email,Case Owner; Alex Johnson,customer0066@example.com,2026-05-24 09:24:00,0:10:54,Outbound,Facilities Email,Follow Up Required,GEN-000066,P4 - 1129000066 - Fire Door Issue,654
Yes,,Media Type: Email; Queue: RM,Email,"Shared Inbox, Liam Davis",customer0067@example.com,2026-05-24 09:08:00,0:18:49,Inbound,RM Email,Information Provided,GEN-000067,P3 - 1129000067 - Lift Fault Reported,1129
Yes,,Media Type: Email; Queue: RM,Email,RM Shared Mailbox; Chloe Martin,customer0068@example.com,2026-05-23 16:23:00,0:13:32,Outbound,Operations Email,Follow Up Required,GEN-000068,P2 - 1129000068 - Water Leak Reported,812
Yes,,Media Type: Email; Queue: RM,Email,RM Shared Mailbox; Brianna Smith,customer0069@example.com,2026-05-21 14:32:00,0:12:25,Outbound,Operations Email,Awaiting Customer Response,GEN-000069,P2 - 1129000069 - Fridge Not Working,745
Yes,,Media Type: Email; Queue: RM,Email,Alex Johnson,customer0070@example.com,2026-05-24 09:31:00,0:17:18,Inbound,Maintenance Email,Duplicate,GEN-000070,P3.5 - 1129000070 - Irrigation Issue,1038
Yes,,Media Type: Email; Queue: RM,Email,Initial Handler; Queue Transfer; Jordan Nguyen,customer0071@example.com,2026-05-02 16:17:00,0:13:47,Inbound,Operations Email,Completed,GEN-000071,P2 - 1129000071 - Blocked Sink,827
Yes,,Media Type: Email; Queue: RM,Email,Case Owner; Jordan Nguyen,customer0072@example.com,2026-05-18 08:44:00,0:16:21,Inbound,Operations Email,Follow Up Required,GEN-000072,P2 - 1129000072 - Security Door Fault,981
Yes,,Media Type: Email; Queue: RM,Email,Grace Taylor,customer0073@example.com,2026-05-02 14:09:00,0:16:29,Outbound,Facilities Email,Awaiting Customer Response,GEN-000073,P1 - 1129000073 - Lift Fault Reported,989
Yes,,Media Type: Email; Queue: RM,Email,RM Shared Mailbox; Brianna Smith,customer0074@example.com,2026-05-28 14:46:00,0:19:09,Outbound,RM Priority Email,Information Provided,GEN-000074,P4 - 1129000074 - Water Leak Reported,1149
Yes,,Media Type: Email; Queue: RM,Email,Queue Transfer; Mia Thompson,customer0075@example.com,2026-05-04 11:46:00,0:04:10,Outbound,RM Email,Transferred,GEN-000075,P1 - 1129000075 - Irrigation Issue,250
Yes,,Media Type: Email; Queue: RM,Email,Chloe Martin,customer0076@example.com,2026-05-10 10:44:00,0:07:36,Inbound,Operations Email,Completed,GEN-000076,P4 - 1129000076 - Irrigation Issue,456
Yes,,Media Type: Email; Queue: RM,Email,Case Owner; Grace Taylor,customer0077@example.com,2026-05-19 16:58:00,0:18:08,Inbound,RM Email,Awaiting Customer Response,GEN-000077,P3.5 - 1129000077 - Toilet Blockage,1088
Yes,,Media Type: Email; Queue: RM,Email,RM Shared Mailbox; Liam Davis,customer0078@example.com,2026-05-02 12:52:00,0:17:05,Inbound,Operations Email,Duplicate,GEN-000078,P5 (within 7 days) - 1129000078 - Fridge Not Working,1025
Yes,,Media Type: Email; Queue: RM,Email,"Shared Inbox, Grace Taylor",customer0079@example.com,2026-05-24 12:48:00,0:07:47,Outbound,Operations Email,Transferred,GEN-000079,P4 - 1129000079 - Kitchen Equipment Fault,467
Yes,,Media Type: Email; Queue: RM,Email,Lucas Moore,customer0080@example.com,2026-05-15 13:25:00,0:15:01,Inbound,RM Email,Follow Up Required,GEN-000080,P2 - 1129000080 - External Lighting Fault,901
Yes,,Media Type: Email; Queue: RM,Email,"Shared Inbox, Ethan Clark",customer0081@example.com,2026-05-18 15:51:00,0:08:34,Inbound,Maintenance Email,Completed,GEN-000081,P4 - 1129000081 - Fire Door Issue,514
Yes,,Media Type: Email; Queue: RM,Email,Brianna Smith,customer0082@example.com,2026-05-12 16:34:00,0:04:17,Outbound,Operations Email,Information Provided,GEN-000082,P4 - 1129000082 - Irrigation Issue,257
Yes,,Media Type: Email; Queue: RM,Email,RM Shared Mailbox; Olivia Harris,customer0083@example.com,2026-05-08 10:39:00,0:10:09,Inbound,RM Email,Information Provided,GEN-000083,P4 - 1129000083 - Water Leak Reported,609
Yes,,Media Type: Email; Queue: RM,Email,RM Shared Mailbox; Alex Johnson,customer0084@example.com,2026-05-06 14:19:00,0:18:05,Outbound,Maintenance Email,Information Provided,GEN-000084,P5 (within 7 days) - 1129000084 - Damaged Ceiling Tile,1085
Yes,,Media Type: Email; Queue: RM,Email,Case Owner; Olivia Harris,customer0085@example.com,2026-05-16 08:07:00,0:15:34,Outbound,Maintenance Email,Transferred,GEN-000085,P3.5 - 1129000085 - Hot Water Issue,934
Yes,,Media Type: Email; Queue: RM,Email,"Shared Inbox, Brianna Smith",customer0086@example.com,2026-05-07 08:13:00,0:18:55,Inbound,Facilities Email,Transferred,GEN-000086,P5 - 1129000086 - Flooring Damage,1135
Yes,,Media Type: Email; Queue: RM,Email,Case Owner; Mia Thompson,customer0087@example.com,2026-05-17 07:40:00,0:14:40,Outbound,Operations Email,Follow Up Required,GEN-000087,P1 - 1129000087 - Damaged Ceiling Tile,880
Yes,,Media Type: Email; Queue: RM,Email,Alex Johnson,customer0088@example.com,2026-05-06 15:13:00,0:15:19,Outbound,Facilities Email,Completed,GEN-000088,P2 - 1129000088 - Kitchen Equipment Fault,919
Yes,,Media Type: Email; Queue: RM,Email,Initial Handler; Queue Transfer; Noah Wilson,customer0089@example.com,2026-05-13 10:21:00,0:14:43,Inbound,Facilities Email,Transferred,GEN-000089,P4 - 1129000089 - Blocked Sink,883
Yes,,Media Type: Email; Queue: RM,Email,Ethan Clark,customer0090@example.com,2026-05-15 11:11:00,0:16:05,Inbound,Operations Email,Follow Up Required,GEN-000090,P3.5 - 1129000090 - Waste Collection Query,965
Yes,,Media Type: Email; Queue: RM,Email,"Shared Inbox, Liam Davis",customer0091@example.com,2026-05-06 12:03:00,0:11:27,Inbound,Operations Email,Completed,GEN-000091,P5 - 1129000091 - Air Conditioner Fault,687
Yes,,Media Type: Email; Queue: RM,Email,Case Owner; Jordan Nguyen,customer0092@example.com,2026-05-10 12:59:00,0:07:04,Outbound,Maintenance Email,Information Provided,GEN-000092,P3 - 1129000092 - Blocked Sink,424
Yes,,Media Type: Email; Queue: RM,Email,"Shared Inbox, Chloe Martin",customer0093@example.com,2026-05-29 11:14:00,0:05:22,Outbound,Maintenance Email,Information Provided,GEN-000093,P4 - 1129000093 - Electrical Fault,322
Yes,,Media Type: Email; Queue: RM,Email,Initial Handler; Queue Transfer; Ava Robinson,customer0094@example.com,2026-05-06 09:25:00,0:04:10,Inbound,RM Email,Completed,GEN-000094,P5 (within 7 days) - 1129000094 - Toilet Blockage,250
Yes,,Media Type: Email; Queue: RM,Email,Initial Handler; Queue Transfer; Ava Robinson,customer0095@example.com,2026-05-23 13:42:00,0:19:21,Outbound,Operations Email,Duplicate,GEN-000095,P3 - 1129000095 - After Hours Maintenance Request,1161
Yes,,Media Type: Email; Queue: RM,Email,RM Shared Mailbox; Ethan Clark,customer0096@example.com,2026-05-21 13:30:00,0:06:10,Inbound,RM Email,Transferred,GEN-000096,P3 - 1129000096 - Damaged Ceiling Tile,370
Yes,,Media Type: Email; Queue: RM,Email,Queue Transfer; Lucas Moore,customer0097@example.com,2026-05-12 13:32:00,0:05:13,Inbound,Facilities Email,Transferred,GEN-000097,P3 - 1129000097 - Cleaning Request,313
Yes,,Media Type: Email; Queue: RM,Email,Case Owner; Daniel Lee,customer0098@example.com,2026-05-10 09:54:00,0:14:44,Outbound,Maintenance Email,Completed,GEN-000098,P3.5 - 1129000098 - Kitchen Equipment Fault,884
Yes,,Media Type: Email; Queue: RM,Email,Mia Thompson,customer0099@example.com,2026-05-07 15:04:00,0:06:50,Outbound,RM Priority Email,Awaiting Customer Response,GEN-000099,P3 - 1129000099 - Car Park Lighting Fault,410
Yes,,Media Type: Email; Queue: RM,Email,Initial Handler; Queue Transfer; Noah Wilson,customer0100@example.com,2026-05-02 16:13:00,0:13:55,Outbound,Operations Email,Duplicate,GEN-000100,P3 - 1129000100 - Pest Control Request,835
Yes,,Media Type: Email; Queue: RM,Email,Initial Handler; Queue Transfer; Olivia Harris,customer0101@example.com,2026-05-17 15:46:00,0:16:39,Inbound,RM Priority Email,Completed,GEN-000101,P4 - 1129000101 - Lift Fault Reported,999
Yes,,Media Type: Email; Queue: RM,Email,Case Owner; Olivia Harris,customer0102@example.com,2026-05-29 14:30:00,0:11:34,Inbound,Facilities Email,Duplicate,GEN-000102,P3 - 1129000102 - General Maintenance Request,694
Yes,,Media Type: Email; Queue: RM,Email,Chloe Martin,customer0103@example.com,2026-05-19 16:02:00,0:18:04,Inbound,RM Email,Information Provided,GEN-000103,P3 - 1129000103 - Waste Collection Query,1084
Yes,,Media Type: Email; Queue: RM,Email,Queue Transfer; Chloe Martin,customer0104@example.com,2026-05-18 14:55:00,0:06:16,Outbound,RM Email,Follow Up Required,GEN-000104,P3.5 - 1129000104 - Heating Issue,376
Yes,,Media Type: Email; Queue: RM,Email,Initial Handler; Queue Transfer; Chloe Martin,customer0105@example.com,2026-05-23 08:17:00,0:12:59,Inbound,Operations Email,Awaiting Customer Response,GEN-000105,P3 - 1129000105 - Flooring Damage,779
Yes,,Media Type: Email; Queue: RM,Email,Queue Transfer; Grace Taylor,customer0106@example.com,2026-05-18 11:39:00,0:05:31,Outbound,Maintenance Email,Duplicate,GEN-000106,P3 - 1129000106 - Odour In Bathroom,331
Yes,,Media Type: Email; Queue: RM,Email,Case Owner; Noah Wilson,customer0107@example.com,2026-05-06 07:04:00,0:04:11,Inbound,RM Priority Email,Completed,GEN-000107,P3.5 - 1129000107 - Toilet Blockage,251
Yes,,Media Type: Email; Queue: RM,Email,"Shared Inbox, Olivia Harris",customer0108@example.com,2026-05-26 07:54:00,0:06:07,Outbound,RM Priority Email,Awaiting Customer Response,GEN-000108,P3 - 1129000108 - Kitchen Equipment Fault,367
Yes,,Media Type: Email; Queue: RM,Email,Liam Davis,customer0109@example.com,2026-05-10 10:09:00,0:17:31,Inbound,RM Email,Transferred,GEN-000109,P3 - 1129000109 - Smoke Alarm Fault,1051
Yes,,Media Type: Email; Queue: RM,Email,Queue Transfer; Emily Carter,customer0110@example.com,2026-05-29 14:37:00,0:08:11,Inbound,Operations Email,Completed,GEN-000110,P4 - 1129000110 - Cleaning Request,491
Yes,,Media Type: Email; Queue: RM,Email,Case Owner; Daniel Lee,customer0111@example.com,2026-05-14 07:56:00,0:19:02,Inbound,Operations Email,Completed,GEN-000111,P4 - 1129000111 - Blocked Drain,1142
Yes,,Media Type: Email; Queue: RM,Email,RM Shared Mailbox; Noah Wilson,customer0112@example.com,2026-05-20 14:28:00,0:04:40,Inbound,Maintenance Email,Completed,GEN-000112,P3 - 1129000112 - Broken Door Handle,280
Yes,,Media Type: Email; Queue: RM,Email,Queue Transfer; Sophie Brown,customer0113@example.com,2026-05-25 12:14:00,0:07:24,Inbound,RM Email,Duplicate,GEN-000113,P2 - 1129000113 - Drainage Issue,444
Yes,,Media Type: Email; Queue: RM,Email,Initial Handler; Queue Transfer; Noah Wilson,customer0114@example.com,2026-05-24 12:28:00,0:16:55,Inbound,Operations Email,Duplicate,GEN-000114,P3 - 1129000114 - Graffiti Removal Request,1015
Yes,,Media Type: Email; Queue: RM,Email,"Shared Inbox, Mia Thompson",customer0115@example.com,2026-05-24 15:33:00,0:05:32,Outbound,Facilities Email,Transferred,GEN-000115,P3 - 1129000115 - Access Card Issue,332
Yes,,Media Type: Email; Queue: RM,Email,Sophie Brown,customer0116@example.com,2026-05-17 10:36:00,0:07:29,Inbound,RM Email,Information Provided,GEN-000116,P2 - 1129000116 - Cleaning Request,449
Yes,,Media Type: Email; Queue: RM,Email,Olivia Harris,customer0117@example.com,2026-05-29 10:05:00,0:19:50,Outbound,Facilities Email,Awaiting Customer Response,GEN-000117,P4 - 1129000117 - Window Repair Request,1190
Yes,,Media Type: Email; Queue: RM,Email,Emily Carter,customer0118@example.com,2026-05-21 14:48:00,0:05:58,Outbound,Maintenance Email,Completed,GEN-000118,P3 - 1129000118 - Window Repair Request,358
Yes,,Media Type: Email; Queue: RM,Email,RM Shared Mailbox; Lucas Moore,customer0119@example.com,2026-05-23 07:46:00,0:09:49,Outbound,RM Priority Email,Information Provided,GEN-000119,P3.5 - 1129000119 - Hot Water Issue,589
Yes,,Media Type: Email; Queue: RM,Email,"Shared Inbox, Ethan Clark",customer0120@example.com,2026-05-12 07:32:00,0:13:33,Outbound,Facilities Email,Information Provided,GEN-000120,P3 - 1129000120 - Roof Leak,813
Yes,,Media Type: Email; Queue: RM,Email,RM Shared Mailbox; Sophie Brown,customer0121@example.com,2026-05-01 10:04:00,0:19:29,Outbound,Maintenance Email,Follow Up Required,GEN-000121,P4 - 1129000121 - Office Temperature Issue,1169
Yes,,Media Type: Email; Queue: RM,Email,Case Owner; Liam Davis,customer0122@example.com,2026-05-25 13:31:00,0:06:27,Inbound,Facilities Email,Follow Up Required,GEN-000122,P2 - 1129000122 - Heating Issue,387
Yes,,Media Type: Email; Queue: RM,Email,"Shared Inbox, Chloe Martin",customer0123@example.com,2026-05-20 09:22:00,0:04:32,Outbound,RM Email,Information Provided,GEN-000123,P3.5 - 1129000123 - Irrigation Issue,272
Yes,,Media Type: Email; Queue: RM,Email,Case Owner; Ethan Clark,customer0124@example.com,2026-05-02 10:14:00,0:08:02,Inbound,RM Email,Follow Up Required,GEN-000124,P3 - 1129000124 - Security Door Fault,482
Yes,,Media Type: Email; Queue: RM,Email,Initial Handler; Queue Transfer; Grace Taylor,customer0125@example.com,2026-05-10 08:32:00,0:19:18,Inbound,Facilities Email,Follow Up Required,GEN-000125,P3.5 - 1129000125 - Electrical Fault,1158
Yes,,Media Type: Email; Queue: RM,Email,Queue Transfer; Sophie Brown,customer0126@example.com,2026-05-09 08:09:00,0:05:35,Inbound,RM Email,Completed,GEN-000126,P4 - 1129000126 - Grounds Maintenance Request,335
Yes,,Media Type: Email; Queue: RM,Email,Initial Handler; Queue Transfer; Daniel Lee,customer0127@example.com,2026-05-22 10:35:00,0:08:46,Inbound,RM Email,Duplicate,GEN-000127,P4 - 1129000127 - Graffiti Removal Request,526
Yes,,Media Type: Email; Queue: RM,Email,"Shared Inbox, Emily Carter",customer0128@example.com,2026-05-31 15:12:00,0:13:35,Outbound,RM Priority Email,Awaiting Customer Response,GEN-000128,P5 - 1129000128 - Irrigation Issue,815
Yes,,Media Type: Email; Queue: RM,Email,Ethan Clark,customer0129@example.com,2026-05-27 12:16:00,0:08:17,Inbound,RM Email,Information Provided,GEN-000129,P3 - 1129000129 - Kitchen Equipment Fault,497
Yes,,Media Type: Email; Queue: RM,Email,Case Owner; Jordan Nguyen,customer0130@example.com,2026-05-03 07:56:00,0:19:59,Inbound,Maintenance Email,Awaiting Customer Response,GEN-000130,P2 - 1129000130 - General Maintenance Request,1199
Yes,,Media Type: Email; Queue: RM,Email,RM Shared Mailbox; Chloe Martin,customer0131@example.com,2026-05-14 11:29:00,0:07:06,Inbound,RM Email,Completed,GEN-000131,P5 (within 7 days) - 1129000131 - Irrigation Issue,426
Yes,,Media Type: Email; Queue: RM,Email,Liam Davis,customer0132@example.com,2026-05-23 16:36:00,0:07:47,Outbound,Facilities Email,Transferred,GEN-000132,P3 - 1129000132 - Broken Door Handle,467
Yes,,Media Type: Email; Queue: RM,Email,"Shared Inbox, Daniel Lee",customer0133@example.com,2026-05-21 15:47:00,0:18:36,Outbound,Operations Email,Duplicate,GEN-000133,P3.5 - 1129000133 - Water Leak Reported,1116
Yes,,Media Type: Email; Queue: RM,Email,Queue Transfer; Liam Davis,customer0134@example.com,2026-05-25 08:28:00,0:16:29,Outbound,Facilities Email,Information Provided,GEN-000134,P5 - 1129000134 - Power Outage,989
Yes,,Media Type: Email; Queue: RM,Email,Case Owner; Alex Johnson,customer0135@example.com,2026-05-11 11:09:00,0:16:31,Outbound,RM Priority Email,Follow Up Required,GEN-000135,P3 - 1129000135 - Door Lock Not Working,991
Yes,,Media Type: Email; Queue: RM,Email,RM Shared Mailbox; Ava Robinson,customer0136@example.com,2026-05-21 14:18:00,0:12:30,Outbound,Facilities Email,Follow Up Required,GEN-000136,P3.5 - 1129000136 - Water Leak Reported,750
Yes,,Media Type: Email; Queue: RM,Email,"Shared Inbox, Ethan Clark",customer0137@example.com,2026-05-15 16:46:00,0:15:49,Inbound,Facilities Email,Information Provided,GEN-000137,P4 - 1129000137 - Lift Fault Reported,949
Yes,,Media Type: Email; Queue: RM,Email,Case Owner; Emily Carter,customer0138@example.com,2026-05-29 09:36:00,0:15:37,Inbound,Facilities Email,Awaiting Customer Response,GEN-000138,P5 - 1129000138 - Broken Door Handle,937
Yes,,Media Type: Email; Queue: RM,Email,Queue Transfer; Brianna Smith,customer0139@example.com,2026-05-25 13:28:00,0:10:57,Inbound,RM Priority Email,Duplicate,GEN-000139,P1 - 1129000139 - Fence Damage,657
Yes,,Media Type: Email; Queue: RM,Email,RM Shared Mailbox; Liam Davis,customer0140@example.com,2026-05-18 10:33:00,0:06:52,Outbound,RM Priority Email,Information Provided,GEN-000140,P4 - 1129000140 - Broken Door Handle,412
Yes,,Media Type: Email; Queue: RM,Email,Case Owner; Brianna Smith,customer0141@example.com,2026-05-30 11:43:00,0:15:35,Outbound,Facilities Email,Completed,GEN-000141,P2 - 1129000141 - Electrical Fault,935
Yes,,Media Type: Email; Queue: RM,Email,Initial Handler; Queue Transfer; Daniel Lee,customer0142@example.com,2026-05-09 07:09:00,0:14:11,Inbound,Facilities Email,Information Provided,GEN-000142,P3 - 1129000142 - Fridge Not Working,851
Yes,,Media Type: Email; Queue: RM,Email,Queue Transfer; Emily Carter,customer0143@example.com,2026-05-02 14:02:00,0:18:05,Inbound,Facilities Email,Completed,GEN-000143,P4 - 1129000143 - Window Repair Request,1085
Yes,,Media Type: Email; Queue: RM,Email,Initial Handler; Queue Transfer; Sophie Brown,customer0144@example.com,2026-05-21 16:32:00,0:16:07,Inbound,RM Email,Follow Up Required,GEN-000144,P2 - 1129000144 - Waste Collection Query,967
Yes,,Media Type: Email; Queue: RM,Email,"Shared Inbox, Ava Robinson",customer0145@example.com,2026-05-28 16:20:00,0:07:32,Inbound,RM Email,Completed,GEN-000145,P3 - 1129000145 - General Maintenance Request,452
Yes,,Media Type: Email; Queue: RM,Email,Case Owner; Ethan Clark,customer0146@example.com,2026-05-04 09:23:00,0:04:57,Inbound,Maintenance Email,Follow Up Required,GEN-000146,P5 (within 7 days) - 1129000146 - Window Repair Request,297
Yes,,Media Type: Email; Queue: RM,Email,Case Owner; Chloe Martin,customer0147@example.com,2026-05-21 09:21:00,0:07:10,Inbound,Facilities Email,Awaiting Customer Response,GEN-000147,P3 - 1129000147 - External Lighting Fault,430
Yes,,Media Type: Email; Queue: RM,Email,Case Owner; Brianna Smith,customer0148@example.com,2026-05-25 13:06:00,0:15:47,Outbound,Maintenance Email,Duplicate,GEN-000148,P1 - 1129000148 - Damaged Ceiling Tile,947
Yes,,Media Type: Email; Queue: RM,Email,Mia Thompson,customer0149@example.com,2026-05-30 07:46:00,0:08:27,Outbound,RM Email,Transferred,GEN-000149,P3 - 1129000149 - Access Card Issue,507
Yes,,Media Type: Email; Queue: RM,Email,"Shared Inbox, Sophie Brown",customer0150@example.com,2026-05-30 12:05:00,0:18:43,Outbound,RM Priority Email,Awaiting Customer Response,GEN-000150,P3.5 - 1129000150 - Furniture Repair Request,1123
Yes,,Media Type: Email; Queue: RM,Email,Initial Handler; Queue Transfer; Noah Wilson,customer0151@example.com,2026-05-04 11:35:00,0:05:04,Inbound,RM Priority Email,Information Provided,GEN-000151,P4 - 1129000151 - Access Card Issue,304
Yes,,Media Type: Email; Queue: RM,Email,RM Shared Mailbox; Alex Johnson,customer0152@example.com,2026-05-12 10:56:00,0:07:10,Outbound,RM Priority Email,Transferred,GEN-000152,P4 - 1129000152 - Smoke Alarm Fault,430
Yes,,Media Type: Email; Queue: RM,Email,Initial Handler; Queue Transfer; Brianna Smith,customer0153@example.com,2026-05-15 15:33:00,0:18:03,Outbound,RM Email,Duplicate,GEN-000153,P3 - 1129000153 - Security Door Fault,1083
Yes,,Media Type: Email; Queue: RM,Email,"Shared Inbox, Chloe Martin",customer0154@example.com,2026-05-12 12:07:00,0:08:45,Inbound,RM Email,Transferred,GEN-000154,P5 - 1129000154 - Power Outage,525
Yes,,Media Type: Email; Queue: RM,Email,Case Owner; Alex Johnson,customer0155@example.com,2026-05-26 09:12:00,0:16:17,Inbound,RM Email,Awaiting Customer Response,GEN-000155,P3 - 1129000155 - Blocked Drain,977
Yes,,Media Type: Email; Queue: RM,Email,"Shared Inbox, Ava Robinson",customer0156@example.com,2026-05-25 07:44:00,0:15:58,Inbound,RM Priority Email,Duplicate,GEN-000156,P3 - 1129000156 - Fire Door Issue,958
Yes,,Media Type: Email; Queue: RM,Email,Ava Robinson,customer0157@example.com,2026-05-18 13:05:00,0:11:09,Outbound,RM Email,Duplicate,GEN-000157,P3 - 1129000157 - Security Door Fault,669
Yes,,Media Type: Email; Queue: RM,Email,"Shared Inbox, Ava Robinson",customer0158@example.com,2026-05-01 11:30:00,0:14:28,Inbound,RM Email,Transferred,GEN-000158,P3.5 - 1129000158 - Toilet Blockage,868
Yes,,Media Type: Email; Queue: RM,Email,Case Owner; Ava Robinson,customer0159@example.com,2026-05-25 16:15:00,0:18:41,Outbound,RM Email,Duplicate,GEN-000159,P4 - 1129000159 - Security Door Fault,1121
Yes,,Media Type: Email; Queue: RM,Email,Queue Transfer; Brianna Smith,customer0160@example.com,2026-05-25 15:26:00,0:17:22,Outbound,Facilities Email,Follow Up Required,GEN-000160,P3 - 1129000160 - Car Park Lighting Fault,1042
Yes,,Media Type: Email; Queue: RM,Email,"Shared Inbox, Jordan Nguyen",customer0161@example.com,2026-05-07 11:38:00,0:13:39,Outbound,RM Priority Email,Awaiting Customer Response,GEN-000161,P4 - 1129000161 - Air Conditioner Fault,819
Yes,,Media Type: Email; Queue: RM,Email,Initial Handler; Queue Transfer; Mia Thompson,customer0162@example.com,2026-05-22 08:40:00,0:16:26,Inbound,Maintenance Email,Transferred,GEN-000162,P5 - 1129000162 - Drainage Issue,986
Yes,,Media Type: Email; Queue: RM,Email,Queue Transfer; Ethan Clark,customer0163@example.com,2026-05-18 08:08:00,0:12:34,Inbound,Operations Email,Completed,GEN-000163,P1 - 1129000163 - General Maintenance Request,754
Yes,,Media Type: Email; Queue: RM,Email,Initial Handler; Queue Transfer; Ethan Clark,customer0164@example.com,2026-05-07 08:46:00,0:10:13,Outbound,RM Priority Email,Completed,GEN-000164,P3 - 1129000164 - Tap Not Working,613
Yes,,Media Type: Email; Queue: RM,Email,Noah Wilson,customer0165@example.com,2026-05-25 16:06:00,0:09:08,Outbound,Operations Email,Follow Up Required,GEN-000165,P1 - 1129000165 - After Hours Maintenance Request,548
Yes,,Media Type: Email; Queue: RM,Email,"Shared Inbox, Lucas Moore",customer0166@example.com,2026-05-24 16:39:00,0:08:00,Outbound,Maintenance Email,Awaiting Customer Response,GEN-000166,P2 - 1129000166 - Cleaning Request,480
Yes,,Media Type: Email; Queue: RM,Email,"Shared Inbox, Jordan Nguyen",customer0167@example.com,2026-05-04 14:23:00,0:19:06,Outbound,Maintenance Email,Follow Up Required,GEN-000167,P4 - 1129000167 - Smoke Alarm Fault,1146
Yes,,Media Type: Email; Queue: RM,Email,"Shared Inbox, Alex Johnson",customer0168@example.com,2026-05-13 08:49:00,0:18:02,Outbound,RM Priority Email,Duplicate,GEN-000168,P3 - 1129000168 - Fire Door Issue,1082
Yes,,Media Type: Email; Queue: RM,Email,Case Owner; Sophie Brown,customer0169@example.com,2026-05-21 07:42:00,0:13:41,Outbound,RM Email,Follow Up Required,GEN-000169,P4 - 1129000169 - Blocked Drain,821
Yes,,Media Type: Email; Queue: RM,Email,Queue Transfer; Sophie Brown,customer0170@example.com,2026-05-02 13:00:00,0:16:05,Inbound,RM Email,Transferred,GEN-000170,P3 - 1129000170 - Power Outage,965
Yes,,Media Type: Email; Queue: RM,Email,"Shared Inbox, Grace Taylor",customer0171@example.com,2026-05-12 07:17:00,0:14:19,Outbound,Facilities Email,Information Provided,GEN-000171,P3 - 1129000171 - External Lighting Fault,859
Yes,,Media Type: Email; Queue: RM,Email,"Shared Inbox, Ethan Clark",customer0172@example.com,2026-05-07 07:42:00,0:05:45,Inbound,Facilities Email,Duplicate,GEN-000172,P3 - 1129000172 - Kitchen Equipment Fault,345
Yes,,Media Type: Email; Queue: RM,Email,Queue Transfer; Liam Davis,customer0173@example.com,2026-05-07 07:21:00,0:19:38,Outbound,Maintenance Email,Awaiting Customer Response,GEN-000173,P2 - 1129000173 - Damaged Ceiling Tile,1178
Yes,,Media Type: Email; Queue: RM,Email,Brianna Smith,customer0174@example.com,2026-05-12 12:20:00,0:04:01,Outbound,Maintenance Email,Awaiting Customer Response,GEN-000174,P3 - 1129000174 - Broken Door Handle,241
Yes,,Media Type: Email; Queue: RM,Email,Initial Handler; Queue Transfer; Lucas Moore,customer0175@example.com,2026-05-31 09:04:00,0:12:35,Inbound,RM Email,Completed,GEN-000175,P4 - 1129000175 - Lift Fault Reported,755
Yes,,Media Type: Email; Queue: RM,Email,Queue Transfer; Olivia Harris,customer0176@example.com,2026-05-09 14:05:00,0:07:04,Inbound,RM Priority Email,Follow Up Required,GEN-000176,P3 - 1129000176 - Window Repair Request,424
Yes,,Media Type: Email; Queue: RM,Email,"Shared Inbox, Mia Thompson",customer0177@example.com,2026-05-23 12:27:00,0:10:38,Outbound,RM Priority Email,Follow Up Required,GEN-000177,P3.5 - 1129000177 - Air Conditioner Fault,638
Yes,,Media Type: Email; Queue: RM,Email,Queue Transfer; Olivia Harris,customer0178@example.com,2026-05-09 12:47:00,0:09:11,Outbound,Operations Email,Duplicate,GEN-000178,P5 - 1129000178 - Access Card Issue,551
Yes,,Media Type: Email; Queue: RM,Email,"Shared Inbox, Emily Carter",customer0179@example.com,2026-05-13 12:00:00,0:10:19,Inbound,Maintenance Email,Information Provided,GEN-000179,P2 - 1129000179 - Signage Repair Request,619
Yes,,Media Type: Email; Queue: RM,Email,RM Shared Mailbox; Chloe Martin,customer0180@example.com,2026-05-20 13:29:00,0:17:01,Inbound,RM Priority Email,Information Provided,GEN-000180,P3 - 1129000180 - Car Park Lighting Fault,1021
Yes,,Media Type: Email; Queue: RM,Email,"Shared Inbox, Daniel Lee",customer0181@example.com,2026-05-03 12:47:00,0:04:15,Inbound,RM Priority Email,Follow Up Required,GEN-000181,P5 (within 7 days) - 1129000181 - Grounds Maintenance Request,255
Yes,,Media Type: Email; Queue: RM,Email,Queue Transfer; Emily Carter,customer0182@example.com,2026-05-02 08:08:00,0:11:45,Outbound,Facilities Email,Transferred,GEN-000182,P3 - 1129000182 - Odour In Bathroom,705
Yes,,Media Type: Email; Queue: RM,Email,Initial Handler; Queue Transfer; Mia Thompson,customer0183@example.com,2026-05-02 08:36:00,0:19:27,Inbound,RM Priority Email,Duplicate,GEN-000183,P4 - 1129000183 - Kitchen Equipment Fault,1167
Yes,,Media Type: Email; Queue: RM,Email,Case Owner; Ethan Clark,customer0184@example.com,2026-05-28 16:48:00,0:14:55,Inbound,Facilities Email,Completed,GEN-000184,P3 - 1129000184 - Lighting Fault,895
Yes,,Media Type: Email; Queue: RM,Email,Daniel Lee,customer0185@example.com,2026-05-20 15:24:00,0:19:17,Outbound,RM Priority Email,Duplicate,GEN-000185,P2 - 1129000185 - Grounds Maintenance Request,1157
Yes,,Media Type: Email; Queue: RM,Email,"Shared Inbox, Chloe Martin",customer0186@example.com,2026-05-04 08:41:00,0:12:08,Inbound,RM Email,Completed,GEN-000186,P2 - 1129000186 - After Hours Maintenance Request,728
Yes,,Media Type: Email; Queue: RM,Email,Initial Handler; Queue Transfer; Noah Wilson,customer0187@example.com,2026-05-04 15:49:00,0:07:08,Inbound,Operations Email,Duplicate,GEN-000187,P3 - 1129000187 - Broken Door Handle,428
Yes,,Media Type: Email; Queue: RM,Email,Case Owner; Noah Wilson,customer0188@example.com,2026-05-31 12:12:00,0:19:02,Outbound,Facilities Email,Information Provided,GEN-000188,P4 - 1129000188 - Pest Control Request,1142
Yes,,Media Type: Email; Queue: RM,Email,Initial Handler; Queue Transfer; Liam Davis,customer0189@example.com,2026-05-02 14:54:00,0:09:19,Outbound,Operations Email,Awaiting Customer Response,GEN-000189,P3 - 1129000189 - Cleaning Request,559
Yes,,Media Type: Email; Queue: RM,Email,"Shared Inbox, Daniel Lee",customer0190@example.com,2026-05-01 15:25:00,0:04:44,Outbound,Maintenance Email,Duplicate,GEN-000190,P5 - 1129000190 - Cleaning Request,284
Yes,,Media Type: Email; Queue: RM,Email,Queue Transfer; Ethan Clark,customer0191@example.com,2026-05-28 08:26:00,0:19:06,Inbound,RM Priority Email,Duplicate,GEN-000191,P3.5 - 1129000191 - Electrical Fault,1146
Yes,,Media Type: Email; Queue: RM,Email,Initial Handler; Queue Transfer; Ava Robinson,customer0192@example.com,2026-05-21 16:15:00,0:15:22,Inbound,RM Priority Email,Transferred,GEN-000192,P4 - 1129000192 - Roof Leak,922
Yes,,Media Type: Email; Queue: RM,Email,RM Shared Mailbox; Lucas Moore,customer0193@example.com,2026-05-29 07:06:00,0:14:36,Outbound,RM Priority Email,Completed,GEN-000193,P1 - 1129000193 - Heating Issue,876
Yes,,Media Type: Email; Queue: RM,Email,Initial Handler; Queue Transfer; Liam Davis,customer0194@example.com,2026-05-11 16:51:00,0:12:03,Inbound,Operations Email,Completed,GEN-000194,P3 - 1129000194 - Fire Door Issue,723
Yes,,Media Type: Email; Queue: RM,Email,Liam Davis,customer0195@example.com,2026-05-07 11:30:00,0:18:52,Outbound,Operations Email,Awaiting Customer Response,GEN-000195,P4 - 1129000195 - Furniture Repair Request,1132
Yes,,Media Type: Email; Queue: RM,Email,"Shared Inbox, Emily Carter",customer0196@example.com,2026-05-15 16:18:00,0:06:58,Inbound,RM Email,Information Provided,GEN-000196,P3 - 1129000196 - Odour In Bathroom,418
Yes,,Media Type: Email; Queue: RM,Email,"Shared Inbox, Alex Johnson",customer0197@example.com,2026-05-06 14:50:00,0:09:05,Outbound,RM Email,Completed,GEN-000197,P3 - 1129000197 - Fence Damage,545
Yes,,Media Type: Email; Queue: RM,Email,Initial Handler; Queue Transfer; Lucas Moore,customer0198@example.com,2026-05-11 08:28:00,0:17:58,Outbound,RM Email,Awaiting Customer Response,GEN-000198,P3 - 1129000198 - Blocked Sink,1078
Yes,,Media Type: Email; Queue: RM,Email,Initial Handler; Queue Transfer; Alex Johnson,customer0199@example.com,2026-05-08 09:26:00,0:14:33,Outbound,Operations Email,Information Provided,GEN-000199,P5 - 1129000199 - Graffiti Removal Request,873
Yes,,Media Type: Email; Queue: RM,Email,Case Owner; Alex Johnson,customer0200@example.com,2026-05-25 12:47:00,0:04:33,Outbound,RM Email,Awaiting Customer Response,GEN-000200,P3 - 1129000200 - Grounds Maintenance Request,273
Yes,,Media Type: Email; Queue: RM,Email,Initial Handler; Queue Transfer; Alex Johnson,customer0201@example.com,2026-05-11 12:54:00,0:05:15,Inbound,Maintenance Email,Completed,GEN-000201,P4 - 1129000201 - Car Park Lighting Fault,315
Yes,,Media Type: Email; Queue: RM,Email,Case Owner; Ava Robinson,customer0202@example.com,2026-05-19 15:00:00,0:12:20,Outbound,RM Email,Completed,GEN-000202,P3.5 - 1129000202 - Car Park Lighting Fault,740
Yes,,Media Type: Email; Queue: RM,Email,RM Shared Mailbox; Daniel Lee,customer0203@example.com,2026-05-26 07:31:00,0:16:41,Outbound,Maintenance Email,Duplicate,GEN-000203,P3 - 1129000203 - Fire Door Issue,1001
Yes,,Media Type: Email; Queue: RM,Email,Queue Transfer; Ethan Clark,customer0204@example.com,2026-05-19 15:09:00,0:17:53,Inbound,RM Priority Email,Transferred,GEN-000204,P3 - 1129000204 - Furniture Repair Request,1073
Yes,,Media Type: Email; Queue: RM,Email,Initial Handler; Queue Transfer; Lucas Moore,customer0205@example.com,2026-05-18 12:59:00,0:14:49,Inbound,Maintenance Email,Completed,GEN-000205,P2 - 1129000205 - Flooring Damage,889
Yes,,Media Type: Email; Queue: RM,Email,Initial Handler; Queue Transfer; Noah Wilson,customer0206@example.com,2026-05-09 12:37:00,0:06:31,Inbound,Maintenance Email,Completed,GEN-000206,P3.5 - 1129000206 - Smoke Alarm Fault,391
Yes,,Media Type: Email; Queue: RM,Email,Case Owner; Liam Davis,customer0207@example.com,2026-05-21 12:18:00,0:18:05,Inbound,RM Priority Email,Transferred,GEN-000207,P2 - 1129000207 - Waste Collection Query,1085
Yes,,Media Type: Email; Queue: RM,Email,"Shared Inbox, Chloe Martin",customer0208@example.com,2026-05-02 07:50:00,0:11:52,Inbound,Operations Email,Completed,GEN-000208,P4 - 1129000208 - Office Temperature Issue,712
Yes,,Media Type: Email; Queue: RM,Email,RM Shared Mailbox; Emily Carter,customer0209@example.com,2026-05-15 09:24:00,0:15:19,Outbound,Maintenance Email,Duplicate,GEN-000209,P4 - 1129000209 - Hot Water Issue,919
Yes,,Media Type: Email; Queue: RM,Email,Queue Transfer; Grace Taylor,customer0210@example.com,2026-05-09 12:43:00,0:17:16,Inbound,Facilities Email,Follow Up Required,GEN-000210,P3 - 1129000210 - Hot Water Issue,1036
Yes,,Media Type: Email; Queue: RM,Email,Initial Handler; Queue Transfer; Chloe Martin,customer0211@example.com,2026-05-28 14:53:00,0:13:55,Outbound,RM Email,Follow Up Required,GEN-000211,P2 - 1129000211 - Door Lock Not Working,835
Yes,,Media Type: Email; Queue: RM,Email,Queue Transfer; Noah Wilson,customer0212@example.com,2026-05-21 07:36:00,0:06:24,Inbound,RM Email,Transferred,GEN-000212,P3 - 1129000212 - Access Card Issue,384
Yes,,Media Type: Email; Queue: RM,Email,Queue Transfer; Sophie Brown,customer0213@example.com,2026-05-09 13:25:00,0:09:54,Outbound,RM Priority Email,Transferred,GEN-000213,P3 - 1129000213 - Signage Repair Request,594
Yes,,Media Type: Email; Queue: RM,Email,Initial Handler; Queue Transfer; Grace Taylor,customer0214@example.com,2026-05-24 14:04:00,0:15:31,Outbound,Operations Email,Information Provided,GEN-000214,P3.5 - 1129000214 - Smoke Alarm Fault,931
Yes,,Media Type: Email; Queue: RM,Email,Initial Handler; Queue Transfer; Liam Davis,customer0215@example.com,2026-05-12 16:49:00,0:11:33,Inbound,Operations Email,Duplicate,GEN-000215,P3 - 1129000215 - Lighting Fault,693
Yes,,Media Type: Email; Queue: RM,Email,RM Shared Mailbox; Liam Davis,customer0216@example.com,2026-05-26 16:49:00,0:08:41,Inbound,Facilities Email,Follow Up Required,GEN-000216,P3.5 - 1129000216 - Broken Door Handle,521
Yes,,Media Type: Email; Queue: RM,Email,Case Owner; Grace Taylor,customer0217@example.com,2026-05-13 11:08:00,0:19:33,Outbound,Maintenance Email,Follow Up Required,GEN-000217,P5 - 1129000217 - Air Conditioner Fault,1173
Yes,,Media Type: Email; Queue: RM,Email,"Shared Inbox, Mia Thompson",customer0218@example.com,2026-05-15 15:29:00,0:18:16,Outbound,Operations Email,Duplicate,GEN-000218,P3 - 1129000218 - Fridge Not Working,1096
Yes,,Media Type: Email; Queue: RM,Email,Ava Robinson,customer0219@example.com,2026-05-23 08:46:00,0:16:41,Outbound,RM Priority Email,Information Provided,GEN-000219,P3 - 1129000219 - External Lighting Fault,1001
Yes,,Media Type: Email; Queue: RM,Email,"Shared Inbox, Daniel Lee",customer0220@example.com,2026-05-06 15:41:00,0:09:25,Inbound,Maintenance Email,Transferred,GEN-000220,P3.5 - 1129000220 - Lift Fault Reported,565
Yes,,Media Type: Email; Queue: RM,Email,RM Shared Mailbox; Chloe Martin,customer0221@example.com,2026-05-17 13:41:00,0:14:14,Inbound,Maintenance Email,Transferred,GEN-000221,P3 - 1129000221 - Blocked Sink,854
Yes,,Media Type: Email; Queue: RM,Email,Initial Handler; Queue Transfer; Noah Wilson,customer0222@example.com,2026-05-18 13:11:00,0:17:27,Inbound,Maintenance Email,Awaiting Customer Response,GEN-000222,P5 - 1129000222 - Graffiti Removal Request,1047
Yes,,Media Type: Email; Queue: RM,Email,Initial Handler; Queue Transfer; Olivia Harris,customer0223@example.com,2026-05-14 11:09:00,0:12:14,Outbound,Maintenance Email,Transferred,GEN-000223,P3 - 1129000223 - General Maintenance Request,734
Yes,,Media Type: Email; Queue: RM,Email,Case Owner; Olivia Harris,customer0224@example.com,2026-05-07 14:34:00,0:12:18,Inbound,RM Priority Email,Follow Up Required,GEN-000224,P3.5 - 1129000224 - Irrigation Issue,738
Yes,,Media Type: Email; Queue: RM,Email,Queue Transfer; Ava Robinson,customer0225@example.com,2026-05-01 09:03:00,0:10:01,Outbound,Facilities Email,Duplicate,GEN-000225,P3.5 - 1129000225 - Fence Damage,601
Yes,,Media Type: Email; Queue: RM,Email,Case Owner; Alex Johnson,customer0226@example.com,2026-05-16 16:55:00,0:10:01,Inbound,RM Email,Duplicate,GEN-000226,P3 - 1129000226 - Water Leak Reported,601
Yes,,Media Type: Email; Queue: RM,Email,Case Owner; Olivia Harris,customer0227@example.com,2026-05-26 08:59:00,0:16:24,Inbound,RM Priority Email,Duplicate,GEN-000227,P5 - 1129000227 - Smoke Alarm Fault,984
Yes,,Media Type: Email; Queue: RM,Email,"Shared Inbox, Chloe Martin",customer0228@example.com,2026-05-08 13:14:00,0:07:56,Outbound,Operations Email,Transferred,GEN-000228,P4 - 1129000228 - Irrigation Issue,476
Yes,,Media Type: Email; Queue: RM,Email,Initial Handler; Queue Transfer; Alex Johnson,customer0229@example.com,2026-05-29 09:33:00,0:12:56,Outbound,RM Email,Information Provided,GEN-000229,P3.5 - 1129000229 - Signage Repair Request,776
Yes,,Media Type: Email; Queue: RM,Email,"Shared Inbox, Liam Davis",customer0230@example.com,2026-05-23 10:49:00,0:08:06,Outbound,RM Priority Email,Transferred,GEN-000230,P3.5 - 1129000230 - Lift Fault Reported,486
Yes,,Media Type: Email; Queue: RM,Email,"Shared Inbox, Chloe Martin",customer0231@example.com,2026-05-25 07:51:00,0:06:19,Outbound,Operations Email,Follow Up Required,GEN-000231,P4 - 1129000231 - Fridge Not Working,379
Yes,,Media Type: Email; Queue: RM,Email,"Shared Inbox, Sophie Brown",customer0232@example.com,2026-05-28 15:13:00,0:14:56,Inbound,Facilities Email,Follow Up Required,GEN-000232,P3.5 - 1129000232 - Fence Damage,896
Yes,,Media Type: Email; Queue: RM,Email,Case Owner; Lucas Moore,customer0233@example.com,2026-05-10 09:03:00,0:09:48,Inbound,RM Priority Email,Transferred,GEN-000233,P5 (within 7 days) - 1129000233 - Furniture Repair Request,588
Yes,,Media Type: Email; Queue: RM,Email,Daniel Lee,customer0234@example.com,2026-05-14 11:12:00,0:12:12,Outbound,Maintenance Email,Awaiting Customer Response,GEN-000234,P5 - 1129000234 - Air Conditioner Fault,732
Yes,,Media Type: Email; Queue: RM,Email,Case Owner; Noah Wilson,customer0235@example.com,2026-05-14 16:25:00,0:18:22,Inbound,RM Email,Completed,GEN-000235,P3 - 1129000235 - Fridge Not Working,1102
Yes,,Media Type: Email; Queue: RM,Email,"Shared Inbox, Grace Taylor",customer0236@example.com,2026-05-12 15:59:00,0:09:46,Inbound,RM Email,Completed,GEN-000236,P4 - 1129000236 - Cleaning Request,586
Yes,,Media Type: Email; Queue: RM,Email,"Shared Inbox, Liam Davis",customer0237@example.com,2026-05-20 13:30:00,0:15:31,Inbound,RM Email,Transferred,GEN-000237,P2 - 1129000237 - After Hours Maintenance Request,931
Yes,,Media Type: Email; Queue: RM,Email,Olivia Harris,customer0238@example.com,2026-05-25 11:58:00,0:14:29,Outbound,Facilities Email,Completed,GEN-000238,P3 - 1129000238 - Drainage Issue,869
Yes,,Media Type: Email; Queue: RM,Email,"Shared Inbox, Ava Robinson",customer0239@example.com,2026-05-30 15:53:00,0:18:00,Inbound,Facilities Email,Follow Up Required,GEN-000239,P3 - 1129000239 - Pest Control Request,1080
Yes,,Media Type: Email; Queue: RM,Email,"Shared Inbox, Olivia Harris",customer0240@example.com,2026-05-22 15:21:00,0:11:42,Inbound,Maintenance Email,Information Provided,GEN-000240,P3 - 1129000240 - Odour In Bathroom,702
Yes,,Media Type: Email; Queue: RM,Email,Queue Transfer; Olivia Harris,customer0241@example.com,2026-05-08 16:10:00,0:12:17,Outbound,RM Email,Follow Up Required,GEN-000241,P2 - 1129000241 - Odour In Bathroom,737
Yes,,Media Type: Email; Queue: RM,Email,Initial Handler; Queue Transfer; Liam Davis,customer0242@example.com,2026-05-31 09:12:00,0:16:47,Outbound,Maintenance Email,Duplicate,GEN-000242,P3.5 - 1129000242 - Fridge Not Working,1007
Yes,,Media Type: Email; Queue: RM,Email,Grace Taylor,customer0243@example.com,2026-05-16 14:41:00,0:05:03,Outbound,Maintenance Email,Information Provided,GEN-000243,P3 - 1129000243 - Smoke Alarm Fault,303
Yes,,Media Type: Email; Queue: RM,Email,Case Owner; Grace Taylor,customer0244@example.com,2026-05-07 11:15:00,0:07:22,Inbound,Maintenance Email,Transferred,GEN-000244,P3 - 1129000244 - Broken Door Handle,442
Yes,,Media Type: Email; Queue: RM,Email,RM Shared Mailbox; Emily Carter,customer0245@example.com,2026-05-09 14:56:00,0:05:23,Inbound,RM Email,Completed,GEN-000245,P5 - 1129000245 - Cleaning Request,323
Yes,,Media Type: Email; Queue: RM,Email,Olivia Harris,customer0246@example.com,2026-05-26 10:30:00,0:15:54,Outbound,Operations Email,Completed,GEN-000246,P3 - 1129000246 - Lighting Fault,954
Yes,,Media Type: Email; Queue: RM,Email,RM Shared Mailbox; Daniel Lee,customer0247@example.com,2026-05-23 16:12:00,0:16:00,Outbound,Facilities Email,Completed,GEN-000247,P1 - 1129000247 - Cleaning Request,960
Yes,,Media Type: Email; Queue: RM,Email,"Shared Inbox, Olivia Harris",customer0248@example.com,2026-05-24 15:27:00,0:10:54,Inbound,RM Priority Email,Transferred,GEN-000248,P1 - 1129000248 - Heating Issue,654
Yes,,Media Type: Email; Queue: RM,Email,Queue Transfer; Noah Wilson,customer0249@example.com,2026-05-06 12:29:00,0:16:59,Inbound,RM Email,Completed,GEN-000249,P3 - 1129000249 - Office Temperature Issue,1019
Yes,,Media Type: Email; Queue: RM,Email,Ava Robinson,customer0250@example.com,2026-05-25 10:25:00,0:14:21,Outbound,Facilities Email,Transferred,GEN-000250,P4 - 1129000250 - Irrigation Issue,861
Yes,,Media Type: Email; Queue: RM,Email,Queue Transfer; Ava Robinson,customer0251@example.com,2026-05-03 07:57:00,0:04:22,Inbound,Facilities Email,Information Provided,GEN-000251,P3.5 - 1129000251 - Blocked Drain,262
Yes,,Media Type: Email; Queue: RM,Email,"Shared Inbox, Jordan Nguyen",customer0252@example.com,2026-05-19 12:03:00,0:11:19,Outbound,Facilities Email,Follow Up Required,GEN-000252,P4 - 1129000252 - Toilet Blockage,679
Yes,,Media Type: Email; Queue: RM,Email,"Shared Inbox, Ethan Clark",customer0253@example.com,2026-05-27 07:42:00,0:11:47,Outbound,RM Priority Email,Awaiting Customer Response,GEN-000253,P5 - 1129000253 - Heating Issue,707
Yes,,Media Type: Email; Queue: RM,Email,Case Owner; Ethan Clark,customer0254@example.com,2026-05-28 12:15:00,0:13:07,Inbound,RM Priority Email,Transferred,GEN-000254,P1 - 1129000254 - Heating Issue,787
Yes,,Media Type: Email; Queue: RM,Email,Case Owner; Grace Taylor,customer0255@example.com,2026-05-21 13:13:00,0:19:14,Inbound,Facilities Email,Follow Up Required,GEN-000255,P2 - 1129000255 - Grounds Maintenance Request,1154
Yes,,Media Type: Email; Queue: RM,Email,RM Shared Mailbox; Brianna Smith,customer0256@example.com,2026-05-27 12:58:00,0:09:43,Inbound,Maintenance Email,Completed,GEN-000256,P2 - 1129000256 - Security Door Fault,583
Yes,,Media Type: Email; Queue: RM,Email,RM Shared Mailbox; Jordan Nguyen,customer0257@example.com,2026-05-20 16:37:00,0:19:09,Outbound,RM Email,Awaiting Customer Response,GEN-000257,P3 - 1129000257 - Fence Damage,1149
Yes,,Media Type: Email; Queue: RM,Email,"Shared Inbox, Daniel Lee",customer0258@example.com,2026-05-14 10:09:00,0:09:20,Inbound,Operations Email,Awaiting Customer Response,GEN-000258,P3.5 - 1129000258 - Fence Damage,560
Yes,,Media Type: Email; Queue: RM,Email,Ava Robinson,customer0259@example.com,2026-05-27 13:09:00,0:10:48,Outbound,RM Email,Follow Up Required,GEN-000259,P2 - 1129000259 - Electrical Fault,648
Yes,,Media Type: Email; Queue: RM,Email,Initial Handler; Queue Transfer; Sophie Brown,customer0260@example.com,2026-05-12 16:03:00,0:13:31,Inbound,Facilities Email,Information Provided,GEN-000260,P3.5 - 1129000260 - Waste Collection Query,811
Yes,,Media Type: Email; Queue: RM,Email,Initial Handler; Queue Transfer; Liam Davis,customer0261@example.com,2026-05-12 10:47:00,0:19:01,Outbound,Operations Email,Transferred,GEN-000261,P3 - 1129000261 - Lift Fault Reported,1141
Yes,,Media Type: Email; Queue: RM,Email,Chloe Martin,customer0262@example.com,2026-05-10 09:55:00,0:09:25,Outbound,RM Email,Duplicate,GEN-000262,P3 - 1129000262 - Odour In Bathroom,565
Yes,,Media Type: Email; Queue: RM,Email,RM Shared Mailbox; Daniel Lee,customer0263@example.com,2026-05-01 13:45:00,0:18:22,Outbound,Facilities Email,Information Provided,GEN-000263,P2 - 1129000263 - Lift Fault Reported,1102
Yes,,Media Type: Email; Queue: RM,Email,Case Owner; Daniel Lee,customer0264@example.com,2026-05-11 13:01:00,0:06:07,Outbound,RM Email,Awaiting Customer Response,GEN-000264,P3 - 1129000264 - Fridge Not Working,367
Yes,,Media Type: Email; Queue: RM,Email,"Shared Inbox, Noah Wilson",customer0265@example.com,2026-05-22 07:50:00,0:05:53,Outbound,Facilities Email,Transferred,GEN-000265,P2 - 1129000265 - Fridge Not Working,353
Yes,,Media Type: Email; Queue: RM,Email,Initial Handler; Queue Transfer; Brianna Smith,customer0266@example.com,2026-05-29 13:31:00,0:14:00,Inbound,RM Priority Email,Transferred,GEN-000266,P3 - 1129000266 - Signage Repair Request,840
Yes,,Media Type: Email; Queue: RM,Email,Initial Handler; Queue Transfer; Olivia Harris,customer0267@example.com,2026-05-17 12:03:00,0:15:37,Outbound,RM Email,Information Provided,GEN-000267,P5 - 1129000267 - Pest Control Request,937
Yes,,Media Type: Email; Queue: RM,Email,Ava Robinson,customer0268@example.com,2026-05-31 14:56:00,0:08:43,Inbound,RM Priority Email,Completed,GEN-000268,P5 - 1129000268 - Hot Water Issue,523
Yes,,Media Type: Email; Queue: RM,Email,Brianna Smith,customer0269@example.com,2026-05-21 10:30:00,0:19:51,Outbound,RM Priority Email,Information Provided,GEN-000269,P3 - 1129000269 - Blocked Sink,1191
Yes,,Media Type: Email; Queue: RM,Email,RM Shared Mailbox; Emily Carter,customer0270@example.com,2026-05-15 11:38:00,0:13:52,Outbound,Facilities Email,Completed,GEN-000270,P5 - 1129000270 - Roof Leak,832
Yes,,Media Type: Email; Queue: RM,Email,Liam Davis,customer0271@example.com,2026-05-17 11:19:00,0:14:29,Outbound,RM Priority Email,Information Provided,GEN-000271,P5 - 1129000271 - Grounds Maintenance Request,869
Yes,,Media Type: Email; Queue: RM,Email,Queue Transfer; Grace Taylor,customer0272@example.com,2026-05-05 13:04:00,0:16:01,Inbound,RM Priority Email,Duplicate,GEN-000272,P3 - 1129000272 - Water Leak Reported,961
Yes,,Media Type: Email; Queue: RM,Email,RM Shared Mailbox; Grace Taylor,customer0273@example.com,2026-05-17 11:38:00,0:19:49,Inbound,Facilities Email,Follow Up Required,GEN-000273,P2 - 1129000273 - Water Leak Reported,1189
Yes,,Media Type: Email; Queue: RM,Email,Case Owner; Emily Carter,customer0274@example.com,2026-05-21 07:49:00,0:10:12,Inbound,RM Email,Follow Up Required,GEN-000274,P3.5 - 1129000274 - Roof Leak,612
Yes,,Media Type: Email; Queue: RM,Email,Chloe Martin,customer0275@example.com,2026-05-13 09:45:00,0:05:43,Outbound,Facilities Email,Duplicate,GEN-000275,P4 - 1129000275 - Smoke Alarm Fault,343
Yes,,Media Type: Email; Queue: RM,Email,RM Shared Mailbox; Jordan Nguyen,customer0276@example.com,2026-05-29 15:35:00,0:08:20,Outbound,RM Priority Email,Information Provided,GEN-000276,P4 - 1129000276 - Office Temperature Issue,500
Yes,,Media Type: Email; Queue: RM,Email,RM Shared Mailbox; Jordan Nguyen,customer0277@example.com,2026-05-29 16:23:00,0:15:50,Outbound,RM Email,Transferred,GEN-000277,P5 - 1129000277 - Blocked Drain,950
Yes,,Media Type: Email; Queue: RM,Email,RM Shared Mailbox; Ethan Clark,customer0278@example.com,2026-05-02 08:59:00,0:14:22,Outbound,Facilities Email,Information Provided,GEN-000278,P3 - 1129000278 - Blocked Drain,862
Yes,,Media Type: Email; Queue: RM,Email,"Shared Inbox, Noah Wilson",customer0279@example.com,2026-05-17 08:25:00,0:13:17,Outbound,Maintenance Email,Duplicate,GEN-000279,P5 - 1129000279 - Broken Door Handle,797
Yes,,Media Type: Email; Queue: RM,Email,Case Owner; Alex Johnson,customer0280@example.com,2026-05-20 09:02:00,0:14:29,Outbound,RM Priority Email,Transferred,GEN-000280,P4 - 1129000280 - Kitchen Equipment Fault,869
Yes,,Media Type: Email; Queue: RM,Email,Queue Transfer; Ava Robinson,customer0281@example.com,2026-05-11 16:11:00,0:05:47,Outbound,Maintenance Email,Information Provided,GEN-000281,P5 (within 7 days) - 1129000281 - After Hours Maintenance Request,347
Yes,,Media Type: Email; Queue: RM,Email,RM Shared Mailbox; Lucas Moore,customer0282@example.com,2026-05-06 12:14:00,0:17:52,Inbound,RM Email,Transferred,GEN-000282,P5 - 1129000282 - General Maintenance Request,1072
Yes,,Media Type: Email; Queue: RM,Email,Case Owner; Alex Johnson,customer0283@example.com,2026-05-19 07:43:00,0:06:09,Outbound,Facilities Email,Transferred,GEN-000283,P3 - 1129000283 - Fridge Not Working,369
Yes,,Media Type: Email; Queue: RM,Email,"Shared Inbox, Olivia Harris",customer0284@example.com,2026-05-22 16:55:00,0:11:33,Outbound,Facilities Email,Completed,GEN-000284,P3 - 1129000284 - Air Conditioner Fault,693
Yes,,Media Type: Email; Queue: RM,Email,Emily Carter,customer0285@example.com,2026-05-07 09:31:00,0:04:39,Outbound,RM Priority Email,Information Provided,GEN-000285,P3 - 1129000285 - External Lighting Fault,279
Yes,,Media Type: Email; Queue: RM,Email,Case Owner; Ethan Clark,customer0286@example.com,2026-05-10 09:16:00,0:06:07,Inbound,RM Priority Email,Transferred,GEN-000286,P3 - 1129000286 - Toilet Blockage,367
Yes,,Media Type: Email; Queue: RM,Email,Queue Transfer; Mia Thompson,customer0287@example.com,2026-05-03 12:02:00,0:19:28,Outbound,Maintenance Email,Completed,GEN-000287,P5 (within 7 days) - 1129000287 - Door Lock Not Working,1168
Yes,,Media Type: Email; Queue: RM,Email,Case Owner; Olivia Harris,customer0288@example.com,2026-05-22 11:15:00,0:08:42,Inbound,RM Priority Email,Transferred,GEN-000288,P4 - 1129000288 - Flooring Damage,522
Yes,,Media Type: Email; Queue: RM,Email,Case Owner; Grace Taylor,customer0289@example.com,2026-05-13 12:40:00,0:11:24,Inbound,RM Priority Email,Duplicate,GEN-000289,P3 - 1129000289 - Graffiti Removal Request,684
Yes,,Media Type: Email; Queue: RM,Email,Queue Transfer; Noah Wilson,customer0290@example.com,2026-05-13 14:40:00,0:14:59,Inbound,Maintenance Email,Completed,GEN-000290,P3 - 1129000290 - Waste Collection Query,899
Yes,,Media Type: Email; Queue: RM,Email,"Shared Inbox, Liam Davis",customer0291@example.com,2026-05-22 08:45:00,0:09:05,Outbound,Maintenance Email,Completed,GEN-000291,P5 - 1129000291 - Graffiti Removal Request,545
Yes,,Media Type: Email; Queue: RM,Email,RM Shared Mailbox; Brianna Smith,customer0292@example.com,2026-05-10 08:31:00,0:10:12,Outbound,Maintenance Email,Completed,GEN-000292,P4 - 1129000292 - Drainage Issue,612
Yes,,Media Type: Email; Queue: RM,Email,Queue Transfer; Noah Wilson,customer0293@example.com,2026-05-13 12:36:00,0:17:45,Outbound,RM Priority Email,Duplicate,GEN-000293,P3 - 1129000293 - Damaged Ceiling Tile,1065
Yes,,Media Type: Email; Queue: RM,Email,Brianna Smith,customer0294@example.com,2026-05-02 08:15:00,0:07:13,Inbound,Maintenance Email,Awaiting Customer Response,GEN-000294,P3 - 1129000294 - Kitchen Equipment Fault,433
Yes,,Media Type: Email; Queue: RM,Email,"Shared Inbox, Noah Wilson",customer0295@example.com,2026-05-05 13:02:00,0:13:19,Outbound,RM Email,Information Provided,GEN-000295,P3 - 1129000295 - Roof Leak,799
Yes,,Media Type: Email; Queue: RM,Email,Queue Transfer; Chloe Martin,customer0296@example.com,2026-05-16 12:48:00,0:12:53,Outbound,RM Priority Email,Information Provided,GEN-000296,P3 - 1129000296 - Cleaning Request,773
Yes,,Media Type: Email; Queue: RM,Email,Mia Thompson,customer0297@example.com,2026-05-05 13:43:00,0:13:32,Outbound,RM Priority Email,Awaiting Customer Response,GEN-000297,P3 - 1129000297 - Roof Leak,812
Yes,,Media Type: Email; Queue: RM,Email,"Shared Inbox, Brianna Smith",customer0298@example.com,2026-05-09 07:24:00,0:13:23,Inbound,Maintenance Email,Transferred,GEN-000298,P1 - 1129000298 - Lift Fault Reported,803
Yes,,Media Type: Email; Queue: RM,Email,RM Shared Mailbox; Grace Taylor,customer0299@example.com,2026-05-21 15:05:00,0:11:35,Outbound,Facilities Email,Transferred,GEN-000299,P2 - 1129000299 - Signage Repair Request,695
Yes,,Media Type: Email; Queue: RM,Email,Sophie Brown,customer0300@example.com,2026-05-16 07:17:00,0:06:18,Inbound,Maintenance Email,Follow Up Required,GEN-000300,P1 - 1129000300 - Smoke Alarm Fault,378
Yes,,Media Type: Email; Queue: RM,Email,Queue Transfer; Olivia Harris,customer0301@example.com,2026-05-17 11:32:00,0:13:20,Outbound,Facilities Email,Information Provided,GEN-000301,P3 - 1129000301 - Kitchen Equipment Fault,800
Yes,,Media Type: Email; Queue: RM,Email,Queue Transfer; Ava Robinson,customer0302@example.com,2026-05-21 08:33:00,0:11:36,Inbound,Facilities Email,Transferred,GEN-000302,P3 - 1129000302 - Signage Repair Request,696
Yes,,Media Type: Email; Queue: RM,Email,RM Shared Mailbox; Brianna Smith,customer0303@example.com,2026-05-25 11:40:00,0:16:40,Outbound,Facilities Email,Follow Up Required,GEN-000303,P3 - 1129000303 - Toilet Blockage,1000
Yes,,Media Type: Email; Queue: RM,Email,Sophie Brown,customer0304@example.com,2026-05-03 10:58:00,0:16:18,Outbound,RM Email,Awaiting Customer Response,GEN-000304,P4 - 1129000304 - Odour In Bathroom,978
Yes,,Media Type: Email; Queue: RM,Email,"Shared Inbox, Jordan Nguyen",customer0305@example.com,2026-05-05 16:02:00,0:16:30,Inbound,RM Priority Email,Transferred,GEN-000305,P4 - 1129000305 - Kitchen Equipment Fault,990
Yes,,Media Type: Email; Queue: RM,Email,"Shared Inbox, Liam Davis",customer0306@example.com,2026-05-01 09:24:00,0:14:21,Outbound,RM Priority Email,Information Provided,GEN-000306,P3 - 1129000306 - Blocked Sink,861
Yes,,Media Type: Email; Queue: RM,Email,Initial Handler; Queue Transfer; Noah Wilson,customer0307@example.com,2026-05-19 16:59:00,0:06:34,Inbound,Facilities Email,Transferred,GEN-000307,P3 - 1129000307 - Power Outage,394
Yes,,Media Type: Email; Queue: RM,Email,Queue Transfer; Sophie Brown,customer0308@example.com,2026-05-22 09:10:00,0:09:59,Outbound,Facilities Email,Awaiting Customer Response,GEN-000308,P3 - 1129000308 - Toilet Blockage,599
Yes,,Media Type: Email; Queue: RM,Email,RM Shared Mailbox; Grace Taylor,customer0309@example.com,2026-05-20 15:06:00,0:10:15,Inbound,Facilities Email,Information Provided,GEN-000309,P5 (within 7 days) - 1129000309 - Water Leak Reported,615
Yes,,Media Type: Email; Queue: RM,Email,Queue Transfer; Daniel Lee,customer0310@example.com,2026-05-04 13:48:00,0:18:50,Inbound,Maintenance Email,Completed,GEN-000310,P3 - 1129000310 - Smoke Alarm Fault,1130
Yes,,Media Type: Email; Queue: RM,Email,"Shared Inbox, Lucas Moore",customer0311@example.com,2026-05-12 12:21:00,0:10:09,Outbound,Facilities Email,Transferred,GEN-000311,P3 - 1129000311 - Broken Door Handle,609
Yes,,Media Type: Email; Queue: RM,Email,Queue Transfer; Ethan Clark,customer0312@example.com,2026-05-21 07:43:00,0:12:59,Inbound,Facilities Email,Information Provided,GEN-000312,P3.5 - 1129000312 - Fridge Not Working,779
Yes,,Media Type: Email; Queue: RM,Email,Queue Transfer; Liam Davis,customer0313@example.com,2026-05-12 08:46:00,0:09:44,Outbound,Facilities Email,Information Provided,GEN-000313,P2 - 1129000313 - Drainage Issue,584
Yes,,Media Type: Email; Queue: RM,Email,RM Shared Mailbox; Ethan Clark,customer0314@example.com,2026-05-17 07:57:00,0:19:45,Inbound,Maintenance Email,Information Provided,GEN-000314,P5 - 1129000314 - Flooring Damage,1185
Yes,,Media Type: Email; Queue: RM,Email,Case Owner; Jordan Nguyen,customer0315@example.com,2026-05-14 14:10:00,0:06:56,Inbound,Facilities Email,Awaiting Customer Response,GEN-000315,P3.5 - 1129000315 - Drainage Issue,416
Yes,,Media Type: Email; Queue: RM,Email,Initial Handler; Queue Transfer; Alex Johnson,customer0316@example.com,2026-05-02 16:01:00,0:09:50,Inbound,RM Priority Email,Transferred,GEN-000316,P5 - 1129000316 - Damaged Ceiling Tile,590
Yes,,Media Type: Email; Queue: RM,Email,RM Shared Mailbox; Ethan Clark,customer0317@example.com,2026-05-21 09:19:00,0:10:54,Inbound,RM Priority Email,Follow Up Required,GEN-000317,P4 - 1129000317 - Waste Collection Query,654
Yes,,Media Type: Email; Queue: RM,Email,Queue Transfer; Brianna Smith,customer0318@example.com,2026-05-20 14:24:00,0:11:14,Outbound,Facilities Email,Completed,GEN-000318,P4 - 1129000318 - Lift Fault Reported,674
Yes,,Media Type: Email; Queue: RM,Email,Queue Transfer; Olivia Harris,customer0319@example.com,2026-05-05 12:14:00,0:19:59,Inbound,RM Priority Email,Transferred,GEN-000319,P3.5 - 1129000319 - Pest Control Request,1199
Yes,,Media Type: Email; Queue: RM,Email,Initial Handler; Queue Transfer; Grace Taylor,customer0320@example.com,2026-05-10 10:26:00,0:16:33,Outbound,Facilities Email,Information Provided,GEN-000320,P3 - 1129000320 - Power Outage,993
Yes,,Media Type: Email; Queue: RM,Email,Emily Carter,customer0321@example.com,2026-05-18 12:23:00,0:13:08,Inbound,RM Priority Email,Follow Up Required,GEN-000321,P3 - 1129000321 - Roof Leak,788
Yes,,Media Type: Email; Queue: RM,Email,Case Owner; Alex Johnson,customer0322@example.com,2026-05-15 13:16:00,0:19:42,Inbound,RM Priority Email,Awaiting Customer Response,GEN-000322,P3 - 1129000322 - Air Conditioner Fault,1182
Yes,,Media Type: Email; Queue: RM,Email,Initial Handler; Queue Transfer; Daniel Lee,customer0323@example.com,2026-05-23 16:09:00,0:06:51,Outbound,Facilities Email,Transferred,GEN-000323,P5 - 1129000323 - Graffiti Removal Request,411
Yes,,Media Type: Email; Queue: RM,Email,RM Shared Mailbox; Chloe Martin,customer0324@example.com,2026-05-31 15:21:00,0:08:59,Outbound,RM Priority Email,Duplicate,GEN-000324,P5 - 1129000324 - Tap Not Working,539
Yes,,Media Type: Email; Queue: RM,Email,Jordan Nguyen,customer0325@example.com,2026-05-21 07:56:00,0:14:14,Inbound,RM Priority Email,Information Provided,GEN-000325,P3 - 1129000325 - Blocked Sink,854
Yes,,Media Type: Email; Queue: RM,Email,Case Owner; Liam Davis,customer0326@example.com,2026-05-07 14:06:00,0:10:43,Outbound,Facilities Email,Follow Up Required,GEN-000326,P3 - 1129000326 - Smoke Alarm Fault,643
Yes,,Media Type: Email; Queue: RM,Email,Queue Transfer; Chloe Martin,customer0327@example.com,2026-05-05 13:22:00,0:07:34,Outbound,Operations Email,Duplicate,GEN-000327,P3 - 1129000327 - Hot Water Issue,454
Yes,,Media Type: Email; Queue: RM,Email,RM Shared Mailbox; Grace Taylor,customer0328@example.com,2026-05-20 11:23:00,0:12:09,Inbound,RM Priority Email,Completed,GEN-000328,P3 - 1129000328 - Access Card Issue,729
Yes,,Media Type: Email; Queue: RM,Email,Queue Transfer; Emily Carter,customer0329@example.com,2026-05-25 16:15:00,0:04:36,Outbound,RM Email,Transferred,GEN-000329,P1 - 1129000329 - Blocked Drain,276
Yes,,Media Type: Email; Queue: RM,Email,RM Shared Mailbox; Brianna Smith,customer0330@example.com,2026-05-25 09:42:00,0:14:11,Inbound,RM Email,Information Provided,GEN-000330,P2 - 1129000330 - Fire Door Issue,851
Yes,,Media Type: Email; Queue: RM,Email,RM Shared Mailbox; Liam Davis,customer0331@example.com,2026-05-27 08:09:00,0:15:08,Outbound,Facilities Email,Duplicate,GEN-000331,P4 - 1129000331 - Drainage Issue,908
Yes,,Media Type: Email; Queue: RM,Email,Queue Transfer; Emily Carter,customer0332@example.com,2026-05-06 08:15:00,0:19:29,Inbound,Facilities Email,Duplicate,GEN-000332,P4 - 1129000332 - Pest Control Request,1169
Yes,,Media Type: Email; Queue: RM,Email,Queue Transfer; Noah Wilson,customer0333@example.com,2026-05-21 10:19:00,0:17:35,Inbound,Maintenance Email,Information Provided,GEN-000333,P4 - 1129000333 - After Hours Maintenance Request,1055
Yes,,Media Type: Email; Queue: RM,Email,"Shared Inbox, Jordan Nguyen",customer0334@example.com,2026-05-21 12:47:00,0:12:24,Inbound,Facilities Email,Transferred,GEN-000334,P3 - 1129000334 - Drainage Issue,744
Yes,,Media Type: Email; Queue: RM,Email,Case Owner; Sophie Brown,customer0335@example.com,2026-05-14 16:20:00,0:15:51,Outbound,Maintenance Email,Information Provided,GEN-000335,P2 - 1129000335 - Pest Control Request,951
Yes,,Media Type: Email; Queue: RM,Email,"Shared Inbox, Emily Carter",customer0336@example.com,2026-05-21 13:36:00,0:10:34,Outbound,Facilities Email,Follow Up Required,GEN-000336,P1 - 1129000336 - Security Door Fault,634
Yes,,Media Type: Email; Queue: RM,Email,Mia Thompson,customer0337@example.com,2026-05-21 09:20:00,0:04:54,Inbound,Operations Email,Completed,GEN-000337,P3 - 1129000337 - Irrigation Issue,294
Yes,,Media Type: Email; Queue: RM,Email,Case Owner; Grace Taylor,customer0338@example.com,2026-05-16 07:25:00,0:16:16,Inbound,Facilities Email,Follow Up Required,GEN-000338,P3 - 1129000338 - Lift Fault Reported,976
Yes,,Media Type: Email; Queue: RM,Email,Jordan Nguyen,customer0339@example.com,2026-05-01 11:07:00,0:11:10,Inbound,RM Priority Email,Follow Up Required,GEN-000339,P5 (within 7 days) - 1129000339 - Smoke Alarm Fault,670
Yes,,Media Type: Email; Queue: RM,Email,Initial Handler; Queue Transfer; Emily Carter,customer0340@example.com,2026-05-30 13:59:00,0:12:14,Outbound,Operations Email,Completed,GEN-000340,P3 - 1129000340 - Heating Issue,734
Yes,,Media Type: Email; Queue: RM,Email,Initial Handler; Queue Transfer; Mia Thompson,customer0341@example.com,2026-05-23 14:15:00,0:08:56,Outbound,RM Priority Email,Awaiting Customer Response,GEN-000341,P3.5 - 1129000341 - Tap Not Working,536
Yes,,Media Type: Email; Queue: RM,Email,Chloe Martin,customer0342@example.com,2026-05-15 13:06:00,0:12:05,Inbound,Facilities Email,Duplicate,GEN-000342,P5 - 1129000342 - Security Door Fault,725
Yes,,Media Type: Email; Queue: RM,Email,Queue Transfer; Ava Robinson,customer0343@example.com,2026-05-11 12:34:00,0:06:04,Inbound,Facilities Email,Completed,GEN-000343,P3.5 - 1129000343 - Blocked Drain,364
Yes,,Media Type: Email; Queue: RM,Email,Case Owner; Ethan Clark,customer0344@example.com,2026-05-16 11:14:00,0:14:08,Inbound,Maintenance Email,Completed,GEN-000344,P3 - 1129000344 - After Hours Maintenance Request,848
Yes,,Media Type: Email; Queue: RM,Email,"Shared Inbox, Alex Johnson",customer0345@example.com,2026-05-15 07:26:00,0:14:31,Inbound,RM Priority Email,Information Provided,GEN-000345,P1 - 1129000345 - Fridge Not Working,871
Yes,,Media Type: Email; Queue: RM,Email,Alex Johnson,customer0346@example.com,2026-05-25 10:43:00,0:05:49,Outbound,RM Priority Email,Completed,GEN-000346,P3 - 1129000346 - Lighting Fault,349
Yes,,Media Type: Email; Queue: RM,Email,Queue Transfer; Olivia Harris,customer0347@example.com,2026-05-06 15:44:00,0:15:06,Outbound,Operations Email,Follow Up Required,GEN-000347,P3.5 - 1129000347 - Waste Collection Query,906
Yes,,Media Type: Email; Queue: RM,Email,RM Shared Mailbox; Mia Thompson,customer0348@example.com,2026-05-11 15:29:00,0:08:52,Inbound,Maintenance Email,Follow Up Required,GEN-000348,P3.5 - 1129000348 - Flooring Damage,532
Yes,,Media Type: Email; Queue: RM,Email,Queue Transfer; Ethan Clark,customer0349@example.com,2026-05-26 16:06:00,0:15:23,Outbound,RM Priority Email,Transferred,GEN-000349,P4 - 1129000349 - Furniture Repair Request,923
Yes,,Media Type: Email; Queue: RM,Email,RM Shared Mailbox; Ava Robinson,customer0350@example.com,2026-05-27 08:29:00,0:05:23,Inbound,Operations Email,Information Provided,GEN-000350,P3 - 1129000350 - Access Card Issue,323
Yes,,Media Type: Email; Queue: RM,Email,Alex Johnson,customer0351@example.com,2026-05-24 12:09:00,0:17:36,Outbound,Facilities Email,Information Provided,GEN-000351,P5 - 1129000351 - Toilet Blockage,1056
Yes,,Media Type: Email; Queue: RM,Email,RM Shared Mailbox; Daniel Lee,customer0352@example.com,2026-05-21 12:55:00,0:04:39,Inbound,Operations Email,Follow Up Required,GEN-000352,P4 - 1129000352 - General Maintenance Request,279
Yes,,Media Type: Email; Queue: RM,Email,"Shared Inbox, Mia Thompson",customer0353@example.com,2026-05-21 12:48:00,0:19:19,Inbound,Operations Email,Transferred,GEN-000353,P3 - 1129000353 - Fence Damage,1159
Yes,,Media Type: Email; Queue: RM,Email,Queue Transfer; Mia Thompson,customer0354@example.com,2026-05-24 15:27:00,0:10:14,Outbound,Operations Email,Duplicate,GEN-000354,P4 - 1129000354 - Water Leak Reported,614
Yes,,Media Type: Email; Queue: RM,Email,Initial Handler; Queue Transfer; Ethan Clark,customer0355@example.com,2026-05-06 09:43:00,0:18:50,Inbound,Maintenance Email,Awaiting Customer Response,GEN-000355,P5 (within 7 days) - 1129000355 - Fridge Not Working,1130
Yes,,Media Type: Email; Queue: RM,Email,Case Owner; Sophie Brown,customer0356@example.com,2026-05-29 11:16:00,0:11:17,Outbound,RM Email,Follow Up Required,GEN-000356,P3 - 1129000356 - Fence Damage,677
Yes,,Media Type: Email; Queue: RM,Email,Case Owner; Lucas Moore,customer0357@example.com,2026-05-17 12:45:00,0:14:54,Inbound,Facilities Email,Information Provided,GEN-000357,P5 - 1129000357 - External Lighting Fault,894
Yes,,Media Type: Email; Queue: RM,Email,"Shared Inbox, Noah Wilson",customer0358@example.com,2026-05-05 12:14:00,0:15:35,Inbound,Maintenance Email,Transferred,GEN-000358,P3.5 - 1129000358 - Fence Damage,935
Yes,,Media Type: Email; Queue: RM,Email,RM Shared Mailbox; Mia Thompson,customer0359@example.com,2026-05-24 15:19:00,0:19:50,Outbound,RM Priority Email,Completed,GEN-000359,P3.5 - 1129000359 - Hot Water Issue,1190
Yes,,Media Type: Email; Queue: RM,Email,"Shared Inbox, Ethan Clark",customer0360@example.com,2026-05-30 09:37:00,0:09:36,Inbound,Facilities Email,Transferred,GEN-000360,P2 - 1129000360 - Air Conditioner Fault,576
Yes,,Media Type: Email; Queue: RM,Email,RM Shared Mailbox; Brianna Smith,customer0361@example.com,2026-05-07 14:14:00,0:13:30,Outbound,Operations Email,Follow Up Required,GEN-000361,P3.5 - 1129000361 - Lift Fault Reported,810
Yes,,Media Type: Email; Queue: RM,Email,Case Owner; Lucas Moore,customer0362@example.com,2026-05-27 15:13:00,0:08:47,Inbound,RM Email,Completed,GEN-000362,P4 - 1129000362 - Kitchen Equipment Fault,527
Yes,,Media Type: Email; Queue: RM,Email,Olivia Harris,customer0363@example.com,2026-05-09 15:20:00,0:15:15,Outbound,Facilities Email,Follow Up Required,GEN-000363,P4 - 1129000363 - Blocked Drain,915
Yes,,Media Type: Email; Queue: RM,Email,RM Shared Mailbox; Olivia Harris,customer0364@example.com,2026-05-22 14:31:00,0:14:18,Outbound,Facilities Email,Duplicate,GEN-000364,P3 - 1129000364 - Car Park Lighting Fault,858
Yes,,Media Type: Email; Queue: RM,Email,"Shared Inbox, Brianna Smith",customer0365@example.com,2026-05-16 15:50:00,0:19:09,Outbound,Facilities Email,Follow Up Required,GEN-000365,P3.5 - 1129000365 - Signage Repair Request,1149
Yes,,Media Type: Email; Queue: RM,Email,Initial Handler; Queue Transfer; Emily Carter,customer0366@example.com,2026-05-23 09:04:00,0:12:45,Inbound,RM Priority Email,Information Provided,GEN-000366,P4 - 1129000366 - Grounds Maintenance Request,765
Yes,,Media Type: Email; Queue: RM,Email,Queue Transfer; Olivia Harris,customer0367@example.com,2026-05-17 12:14:00,0:11:35,Outbound,Operations Email,Transferred,GEN-000367,P4 - 1129000367 - Furniture Repair Request,695
Yes,,Media Type: Email; Queue: RM,Email,Queue Transfer; Lucas Moore,customer0368@example.com,2026-05-04 10:07:00,0:07:44,Outbound,RM Priority Email,Follow Up Required,GEN-000368,P4 - 1129000368 - Blocked Sink,464
Yes,,Media Type: Email; Queue: RM,Email,"Shared Inbox, Brianna Smith",customer0369@example.com,2026-05-12 07:40:00,0:15:15,Inbound,Operations Email,Completed,GEN-000369,P5 - 1129000369 - Security Door Fault,915
Yes,,Media Type: Email; Queue: RM,Email,Queue Transfer; Liam Davis,customer0370@example.com,2026-05-18 08:14:00,0:10:39,Inbound,Maintenance Email,Awaiting Customer Response,GEN-000370,P3.5 - 1129000370 - After Hours Maintenance Request,639
Yes,,Media Type: Email; Queue: RM,Email,Grace Taylor,customer0371@example.com,2026-05-27 07:41:00,0:09:04,Outbound,Operations Email,Duplicate,GEN-000371,P4 - 1129000371 - Cleaning Request,544
Yes,,Media Type: Email; Queue: RM,Email,"Shared Inbox, Brianna Smith",customer0372@example.com,2026-05-24 15:43:00,0:06:27,Outbound,Maintenance Email,Completed,GEN-000372,P5 (within 7 days) - 1129000372 - Blocked Sink,387
Yes,,Media Type: Email; Queue: RM,Email,Case Owner; Lucas Moore,customer0373@example.com,2026-05-03 16:57:00,0:18:16,Outbound,Maintenance Email,Information Provided,GEN-000373,P2 - 1129000373 - Blocked Sink,1096
Yes,,Media Type: Email; Queue: RM,Email,Queue Transfer; Liam Davis,customer0374@example.com,2026-05-21 15:04:00,0:05:34,Outbound,RM Priority Email,Duplicate,GEN-000374,P3 - 1129000374 - Fire Door Issue,334
Yes,,Media Type: Email; Queue: RM,Email,Case Owner; Sophie Brown,customer0375@example.com,2026-05-09 13:46:00,0:04:31,Inbound,Maintenance Email,Transferred,GEN-000375,P5 - 1129000375 - Lift Fault Reported,271
Yes,,Media Type: Email; Queue: RM,Email,Jordan Nguyen,customer0376@example.com,2026-05-29 11:11:00,0:18:16,Outbound,Facilities Email,Completed,GEN-000376,P3.5 - 1129000376 - Drainage Issue,1096
Yes,,Media Type: Email; Queue: RM,Email,Queue Transfer; Noah Wilson,customer0377@example.com,2026-05-05 12:05:00,0:18:44,Outbound,RM Email,Completed,GEN-000377,P3.5 - 1129000377 - Odour In Bathroom,1124
Yes,,Media Type: Email; Queue: RM,Email,Sophie Brown,customer0378@example.com,2026-05-09 12:05:00,0:17:23,Inbound,Maintenance Email,Follow Up Required,GEN-000378,P3 - 1129000378 - Office Temperature Issue,1043
Yes,,Media Type: Email; Queue: RM,Email,Queue Transfer; Jordan Nguyen,customer0379@example.com,2026-05-21 15:12:00,0:08:58,Inbound,RM Priority Email,Awaiting Customer Response,GEN-000379,P3 - 1129000379 - Water Leak Reported,538
Yes,,Media Type: Email; Queue: RM,Email,"Shared Inbox, Olivia Harris",customer0380@example.com,2026-05-11 08:15:00,0:19:30,Outbound,RM Email,Information Provided,GEN-000380,P2 - 1129000380 - Tap Not Working,1170
Yes,,Media Type: Email; Queue: RM,Email,Ethan Clark,customer0381@example.com,2026-05-24 12:36:00,0:05:07,Outbound,RM Email,Information Provided,GEN-000381,P1 - 1129000381 - Cleaning Request,307
Yes,,Media Type: Email; Queue: RM,Email,"Shared Inbox, Ava Robinson",customer0382@example.com,2026-05-31 13:21:00,0:12:18,Outbound,RM Email,Transferred,GEN-000382,P3 - 1129000382 - Toilet Blockage,738
Yes,,Media Type: Email; Queue: RM,Email,Case Owner; Jordan Nguyen,customer0383@example.com,2026-05-09 10:22:00,0:15:15,Outbound,Operations Email,Duplicate,GEN-000383,P1 - 1129000383 - Access Card Issue,915
Yes,,Media Type: Email; Queue: RM,Email,Queue Transfer; Olivia Harris,customer0384@example.com,2026-05-31 14:37:00,0:12:07,Inbound,Maintenance Email,Follow Up Required,GEN-000384,P4 - 1129000384 - Fridge Not Working,727
Yes,,Media Type: Email; Queue: RM,Email,Queue Transfer; Ava Robinson,customer0385@example.com,2026-05-02 15:35:00,0:07:20,Outbound,Operations Email,Information Provided,GEN-000385,P2 - 1129000385 - Car Park Lighting Fault,440
Yes,,Media Type: Email; Queue: RM,Email,Queue Transfer; Chloe Martin,customer0386@example.com,2026-05-21 08:02:00,0:19:13,Outbound,Facilities Email,Transferred,GEN-000386,P3 - 1129000386 - After Hours Maintenance Request,1153
Yes,,Media Type: Email; Queue: RM,Email,"Shared Inbox, Ava Robinson",customer0387@example.com,2026-05-07 07:58:00,0:06:02,Inbound,RM Priority Email,Follow Up Required,GEN-000387,P3.5 - 1129000387 - Air Conditioner Fault,362
Yes,,Media Type: Email; Queue: RM,Email,"Shared Inbox, Noah Wilson",customer0388@example.com,2026-05-18 07:11:00,0:17:21,Inbound,Facilities Email,Transferred,GEN-000388,P3 - 1129000388 - Office Temperature Issue,1041
Yes,,Media Type: Email; Queue: RM,Email,Queue Transfer; Alex Johnson,customer0389@example.com,2026-05-11 07:40:00,0:13:27,Inbound,Maintenance Email,Completed,GEN-000389,P2 - 1129000389 - Water Leak Reported,807
Yes,,Media Type: Email; Queue: RM,Email,Sophie Brown,customer0390@example.com,2026-05-18 11:55:00,0:13:54,Outbound,Operations Email,Duplicate,GEN-000390,P3 - 1129000390 - Grounds Maintenance Request,834
Yes,,Media Type: Email; Queue: RM,Email,Case Owner; Lucas Moore,customer0391@example.com,2026-05-16 12:50:00,0:05:27,Outbound,Operations Email,Duplicate,GEN-000391,P2 - 1129000391 - Irrigation Issue,327
Yes,,Media Type: Email; Queue: RM,Email,"Shared Inbox, Ava Robinson",customer0392@example.com,2026-05-23 16:09:00,0:14:28,Inbound,Facilities Email,Transferred,GEN-000392,P3 - 1129000392 - Hot Water Issue,868
Yes,,Media Type: Email; Queue: RM,Email,Case Owner; Brianna Smith,customer0393@example.com,2026-05-19 07:10:00,0:19:03,Outbound,Maintenance Email,Transferred,GEN-000393,P4 - 1129000393 - Drainage Issue,1143
Yes,,Media Type: Email; Queue: RM,Email,Jordan Nguyen,customer0394@example.com,2026-05-13 08:34:00,0:12:24,Outbound,Facilities Email,Awaiting Customer Response,GEN-000394,P3 - 1129000394 - Door Lock Not Working,744
Yes,,Media Type: Email; Queue: RM,Email,Mia Thompson,customer0395@example.com,2026-05-13 11:16:00,0:05:43,Inbound,Operations Email,Awaiting Customer Response,GEN-000395,P3.5 - 1129000395 - Fridge Not Working,343
Yes,,Media Type: Email; Queue: RM,Email,Queue Transfer; Ethan Clark,customer0396@example.com,2026-05-08 12:27:00,0:06:56,Inbound,RM Priority Email,Transferred,GEN-000396,P3 - 1129000396 - Odour In Bathroom,416
Yes,,Media Type: Email; Queue: RM,Email,"Shared Inbox, Brianna Smith",customer0397@example.com,2026-05-07 09:25:00,0:06:40,Outbound,RM Priority Email,Duplicate,GEN-000397,P3 - 1129000397 - General Maintenance Request,400
Yes,,Media Type: Email; Queue: RM,Email,Case Owner; Ava Robinson,customer0398@example.com,2026-05-04 16:12:00,0:19:13,Outbound,Maintenance Email,Information Provided,GEN-000398,P3 - 1129000398 - After Hours Maintenance Request,1153
Yes,,Media Type: Email; Queue: RM,Email,"Shared Inbox, Emily Carter",customer0399@example.com,2026-05-30 13:14:00,0:14:12,Inbound,Facilities Email,Follow Up Required,GEN-000399,P3 - 1129000399 - Kitchen Equipment Fault,852
Yes,,Media Type: Email; Queue: RM,Email,Case Owner; Ethan Clark,customer0400@example.com,2026-05-07 10:20:00,0:06:10,Inbound,Maintenance Email,Follow Up Required,GEN-000400,P3 - 1129000400 - Lift Fault Reported,370
Yes,,Media Type: Email; Queue: RM,Email,Liam Davis,customer0401@example.com,2026-05-05 16:51:00,0:12:29,Outbound,Operations Email,Transferred,GEN-000401,P2 - 1129000401 - Water Leak Reported,749
Yes,,Media Type: Email; Queue: RM,Email,Initial Handler; Queue Transfer; Noah Wilson,customer0402@example.com,2026-05-21 07:34:00,0:19:04,Outbound,RM Priority Email,Follow Up Required,GEN-000402,P5 - 1129000402 - Cleaning Request,1144
Yes,,Media Type: Email; Queue: RM,Email,Ava Robinson,customer0403@example.com,2026-05-08 09:42:00,0:16:30,Outbound,Maintenance Email,Follow Up Required,GEN-000403,P1 - 1129000403 - General Maintenance Request,990
Yes,,Media Type: Email; Queue: RM,Email,Case Owner; Liam Davis,customer0404@example.com,2026-05-19 07:12:00,0:10:53,Inbound,RM Priority Email,Completed,GEN-000404,P3 - 1129000404 - Toilet Blockage,653
Yes,,Media Type: Email; Queue: RM,Email,Jordan Nguyen,customer0405@example.com,2026-05-30 13:58:00,0:17:33,Inbound,Maintenance Email,Information Provided,GEN-000405,P3.5 - 1129000405 - Electrical Fault,1053
Yes,,Media Type: Email; Queue: RM,Email,"Shared Inbox, Lucas Moore",customer0406@example.com,2026-05-07 16:23:00,0:10:57,Inbound,RM Priority Email,Duplicate,GEN-000406,P3 - 1129000406 - After Hours Maintenance Request,657
Yes,,Media Type: Email; Queue: RM,Email,Olivia Harris,customer0407@example.com,2026-05-15 16:56:00,0:07:38,Outbound,RM Priority Email,Awaiting Customer Response,GEN-000407,P4 - 1129000407 - External Lighting Fault,458
Yes,,Media Type: Email; Queue: RM,Email,"Shared Inbox, Grace Taylor",customer0408@example.com,2026-05-13 07:54:00,0:07:53,Outbound,Maintenance Email,Duplicate,GEN-000408,P3.5 - 1129000408 - Grounds Maintenance Request,473
Yes,,Media Type: Email; Queue: RM,Email,"Shared Inbox, Sophie Brown",customer0409@example.com,2026-05-07 14:50:00,0:15:15,Outbound,Maintenance Email,Transferred,GEN-000409,P2 - 1129000409 - External Lighting Fault,915
Yes,,Media Type: Email; Queue: RM,Email,Initial Handler; Queue Transfer; Sophie Brown,customer0410@example.com,2026-05-30 10:08:00,0:07:23,Inbound,RM Priority Email,Duplicate,GEN-000410,P1 - 1129000410 - Fire Door Issue,443
Yes,,Media Type: Email; Queue: RM,Email,Case Owner; Chloe Martin,customer0411@example.com,2026-05-12 12:05:00,0:18:31,Outbound,RM Email,Information Provided,GEN-000411,P3 - 1129000411 - Roof Leak,1111
Yes,,Media Type: Email; Queue: RM,Email,RM Shared Mailbox; Grace Taylor,customer0412@example.com,2026-05-24 15:13:00,0:06:51,Inbound,Facilities Email,Completed,GEN-000412,P4 - 1129000412 - Blocked Sink,411
Yes,,Media Type: Email; Queue: RM,Email,Initial Handler; Queue Transfer; Sophie Brown,customer0413@example.com,2026-05-18 12:06:00,0:09:26,Outbound,Maintenance Email,Follow Up Required,GEN-000413,P4 - 1129000413 - Cleaning Request,566
Yes,,Media Type: Email; Queue: RM,Email,RM Shared Mailbox; Grace Taylor,customer0414@example.com,2026-05-20 16:27:00,0:06:56,Inbound,Maintenance Email,Transferred,GEN-000414,P4 - 1129000414 - Car Park Lighting Fault,416
Yes,,Media Type: Email; Queue: RM,Email,RM Shared Mailbox; Ava Robinson,customer0415@example.com,2026-05-13 16:46:00,0:07:01,Inbound,RM Email,Information Provided,GEN-000415,P3.5 - 1129000415 - Flooring Damage,421
Yes,,Media Type: Email; Queue: RM,Email,Case Owner; Liam Davis,customer0416@example.com,2026-05-17 10:12:00,0:18:50,Outbound,RM Email,Follow Up Required,GEN-000416,General enquiry - 1129000416 - Window Repair Request,1130
Yes,,Media Type: Email; Queue: RM,Email,Queue Transfer; Alex Johnson,customer0417@example.com,2026-05-14 08:02:00,0:07:00,Outbound,Maintenance Email,Duplicate,GEN-000417,P2 - 1129000417 - Cleaning Request,420
Yes,,Media Type: Email; Queue: RM,Email,Initial Handler; Queue Transfer; Sophie Brown,customer0418@example.com,2026-05-10 14:22:00,0:07:38,Outbound,Facilities Email,Awaiting Customer Response,GEN-000418,P5 - 1129000418 - Security Door Fault,458
Yes,,Media Type: Email; Queue: RM,Email,"Shared Inbox, Liam Davis",customer0419@example.com,2026-05-23 13:09:00,0:16:51,Outbound,Facilities Email,Duplicate,GEN-000419,P5 - 1129000419 - Waste Collection Query,1011
Yes,,Media Type: Email; Queue: RM,Email,RM Shared Mailbox; Sophie Brown,customer0420@example.com,2026-05-05 13:10:00,0:19:56,Inbound,Maintenance Email,Transferred,GEN-000420,P5 - 1129000420 - Power Outage,1196
Yes,,Media Type: Email; Queue: RM,Email,Lucas Moore,customer0421@example.com,2026-05-04 11:52:00,0:19:47,Inbound,RM Email,Transferred,GEN-000421,P5 - 1129000421 - General Maintenance Request,1187
Yes,,Media Type: Email; Queue: RM,Email,Queue Transfer; Brianna Smith,customer0422@example.com,2026-05-07 08:52:00,0:05:55,Outbound,RM Priority Email,Awaiting Customer Response,GEN-000422,P3.5 - 1129000422 - Air Conditioner Fault,355
Yes,,Media Type: Email; Queue: RM,Email,Case Owner; Ethan Clark,customer0423@example.com,2026-05-06 13:43:00,0:11:04,Outbound,Facilities Email,Information Provided,GEN-000423,P3 - 1129000423 - Fence Damage,664
Yes,,Media Type: Email; Queue: RM,Email,Initial Handler; Queue Transfer; Brianna Smith,customer0424@example.com,2026-05-22 15:09:00,0:05:03,Outbound,Facilities Email,Transferred,GEN-000424,P4 - 1129000424 - Grounds Maintenance Request,303
Yes,,Media Type: Email; Queue: RM,Email,Case Owner; Daniel Lee,customer0425@example.com,2026-05-13 07:19:00,0:09:15,Outbound,Facilities Email,Information Provided,GEN-000425,P3 - 1129000425 - Car Park Lighting Fault,555
Yes,,Media Type: Email; Queue: RM,Email,Queue Transfer; Chloe Martin,customer0426@example.com,2026-05-30 10:09:00,0:14:53,Outbound,Facilities Email,Awaiting Customer Response,GEN-000426,P3.5 - 1129000426 - General Maintenance Request,893
Yes,,Media Type: Email; Queue: RM,Email,RM Shared Mailbox; Mia Thompson,customer0427@example.com,2026-05-20 11:16:00,0:13:34,Inbound,Maintenance Email,Awaiting Customer Response,GEN-000427,P2 - 1129000427 - Hot Water Issue,814
Yes,,Media Type: Email; Queue: RM,Email,Case Owner; Ethan Clark,customer0428@example.com,2026-05-18 08:10:00,0:08:02,Outbound,Maintenance Email,Transferred,GEN-000428,P3 - 1129000428 - Car Park Lighting Fault,482
Yes,,Media Type: Email; Queue: RM,Email,Initial Handler; Queue Transfer; Ethan Clark,customer0429@example.com,2026-05-19 14:04:00,0:04:43,Inbound,RM Priority Email,Duplicate,GEN-000429,P3 - 1129000429 - Cleaning Request,283
Yes,,Media Type: Email; Queue: RM,Email,Case Owner; Liam Davis,customer0430@example.com,2026-05-06 14:01:00,0:13:30,Outbound,RM Email,Duplicate,GEN-000430,P2 - 1129000430 - Hot Water Issue,810
Yes,,Media Type: Email; Queue: RM,Email,RM Shared Mailbox; Brianna Smith,customer0431@example.com,2026-05-30 15:01:00,0:17:28,Inbound,Operations Email,Information Provided,GEN-000431,P3 - 1129000431 - Smoke Alarm Fault,1048
Yes,,Media Type: Email; Queue: RM,Email,RM Shared Mailbox; Jordan Nguyen,customer0432@example.com,2026-05-01 09:51:00,0:05:10,Inbound,RM Priority Email,Information Provided,GEN-000432,P3.5 - 1129000432 - External Lighting Fault,310
Yes,,Media Type: Email; Queue: RM,Email,"Shared Inbox, Noah Wilson",customer0433@example.com,2026-05-08 10:16:00,0:08:49,Outbound,Maintenance Email,Follow Up Required,GEN-000433,P3 - 1129000433 - Electrical Fault,529
Yes,,Media Type: Email; Queue: RM,Email,Initial Handler; Queue Transfer; Jordan Nguyen,customer0434@example.com,2026-05-06 11:30:00,0:16:32,Inbound,Maintenance Email,Transferred,GEN-000434,P3 - 1129000434 - Office Temperature Issue,992
Yes,,Media Type: Email; Queue: RM,Email,Queue Transfer; Daniel Lee,customer0435@example.com,2026-05-21 12:07:00,0:07:25,Outbound,RM Priority Email,Transferred,GEN-000435,P3 - 1129000435 - After Hours Maintenance Request,445
Yes,,Media Type: Email; Queue: RM,Email,"Shared Inbox, Sophie Brown",customer0436@example.com,2026-05-02 07:14:00,0:18:47,Outbound,Operations Email,Awaiting Customer Response,GEN-000436,P3.5 - 1129000436 - Access Card Issue,1127
Yes,,Media Type: Email; Queue: RM,Email,Queue Transfer; Liam Davis,customer0437@example.com,2026-05-17 12:31:00,0:06:38,Outbound,RM Email,Duplicate,GEN-000437,P3.5 - 1129000437 - Drainage Issue,398
Yes,,Media Type: Email; Queue: RM,Email,"Shared Inbox, Olivia Harris",customer0438@example.com,2026-05-04 15:36:00,0:17:24,Outbound,RM Priority Email,Transferred,GEN-000438,P3 - 1129000438 - Power Outage,1044
Yes,,Media Type: Email; Queue: RM,Email,Queue Transfer; Jordan Nguyen,customer0439@example.com,2026-05-19 14:21:00,0:16:06,Outbound,RM Priority Email,Awaiting Customer Response,GEN-000439,P2 - 1129000439 - Access Card Issue,966
Yes,,Media Type: Email; Queue: RM,Email,Case Owner; Olivia Harris,customer0440@example.com,2026-05-20 15:03:00,0:09:43,Outbound,Facilities Email,Completed,GEN-000440,P3.5 - 1129000440 - Lift Fault Reported,583
Yes,,Media Type: Email; Queue: RM,Email,Queue Transfer; Ethan Clark,customer0441@example.com,2026-05-25 09:59:00,0:04:14,Outbound,Facilities Email,Transferred,GEN-000441,P3 - 1129000441 - Broken Door Handle,254
Yes,,Media Type: Email; Queue: RM,Email,RM Shared Mailbox; Emily Carter,customer0442@example.com,2026-05-17 16:04:00,0:08:14,Inbound,Facilities Email,Duplicate,GEN-000442,P3.5 - 1129000442 - Air Conditioner Fault,494
Yes,,Media Type: Email; Queue: RM,Email,Queue Transfer; Liam Davis,customer0443@example.com,2026-05-17 16:56:00,0:16:10,Inbound,Maintenance Email,Duplicate,GEN-000443,P3 - 1129000443 - Fridge Not Working,970
Yes,,Media Type: Email; Queue: RM,Email,RM Shared Mailbox; Olivia Harris,customer0444@example.com,2026-05-31 09:33:00,0:17:15,Inbound,Operations Email,Duplicate,GEN-000444,P2 - 1129000444 - Fire Door Issue,1035
Yes,,Media Type: Email; Queue: RM,Email,Case Owner; Ethan Clark,customer0445@example.com,2026-05-12 14:18:00,0:10:50,Outbound,Operations Email,Transferred,GEN-000445,P4 - 1129000445 - Door Lock Not Working,650
Yes,,Media Type: Email; Queue: RM,Email,Jordan Nguyen,customer0446@example.com,2026-05-30 08:41:00,0:10:54,Inbound,Facilities Email,Transferred,GEN-000446,P3.5 - 1129000446 - Door Lock Not Working,654
Yes,,Media Type: Email; Queue: RM,Email,"Shared Inbox, Chloe Martin",customer0447@example.com,2026-05-22 07:57:00,0:17:14,Inbound,Facilities Email,Follow Up Required,GEN-000447,P5 (within 7 days) - 1129000447 - Blocked Drain,1034
Yes,,Media Type: Email; Queue: RM,Email,Case Owner; Liam Davis,customer0448@example.com,2026-05-24 09:49:00,0:16:15,Inbound,RM Email,Transferred,GEN-000448,P3 - 1129000448 - Window Repair Request,975
Yes,,Media Type: Email; Queue: RM,Email,Lucas Moore,customer0449@example.com,2026-05-10 12:27:00,0:10:56,Inbound,Maintenance Email,Follow Up Required,GEN-000449,P2 - 1129000449 - Tap Not Working,656
Yes,,Media Type: Email; Queue: RM,Email,Mia Thompson,customer0450@example.com,2026-05-07 10:33:00,0:15:36,Outbound,Facilities Email,Duplicate,GEN-000450,P3 - 1129000450 - Furniture Repair Request,936
Yes,,Media Type: Email; Queue: RM,Email,"Shared Inbox, Liam Davis",customer0451@example.com,2026-05-18 13:25:00,0:04:29,Outbound,RM Email,Follow Up Required,GEN-000451,P1 - 1129000451 - Heating Issue,269
Yes,,Media Type: Email; Queue: RM,Email,Queue Transfer; Olivia Harris,customer0452@example.com,2026-05-21 07:50:00,0:17:02,Outbound,Operations Email,Completed,GEN-000452,P4 - 1129000452 - Drainage Issue,1022
Yes,,Media Type: Email; Queue: RM,Email,Case Owner; Noah Wilson,customer0453@example.com,2026-05-08 12:57:00,0:09:06,Outbound,Facilities Email,Completed,GEN-000453,P5 - 1129000453 - Furniture Repair Request,546
Yes,,Media Type: Email; Queue: RM,Email,Case Owner; Noah Wilson,customer0454@example.com,2026-05-23 13:32:00,0:15:13,Inbound,Facilities Email,Completed,GEN-000454,P1 - 1129000454 - Furniture Repair Request,913
Yes,,Media Type: Email; Queue: RM,Email,Queue Transfer; Ethan Clark,customer0455@example.com,2026-05-16 07:36:00,0:04:32,Inbound,Maintenance Email,Information Provided,GEN-000455,P5 (within 7 days) - 1129000455 - After Hours Maintenance Request,272
Yes,,Media Type: Email; Queue: RM,Email,Initial Handler; Queue Transfer; Chloe Martin,customer0456@example.com,2026-05-27 08:59:00,0:08:44,Inbound,RM Email,Information Provided,GEN-000456,P3 - 1129000456 - Smoke Alarm Fault,524
Yes,,Media Type: Email; Queue: RM,Email,Case Owner; Chloe Martin,customer0457@example.com,2026-05-08 07:11:00,0:11:07,Inbound,RM Email,Awaiting Customer Response,GEN-000457,P5 - 1129000457 - Fence Damage,667
Yes,,Media Type: Email; Queue: RM,Email,Case Owner; Mia Thompson,customer0458@example.com,2026-05-16 14:21:00,0:11:05,Outbound,Operations Email,Transferred,GEN-000458,P5 - 1129000458 - Window Repair Request,665
Yes,,Media Type: Email; Queue: RM,Email,"Shared Inbox, Jordan Nguyen",customer0459@example.com,2026-05-27 12:39:00,0:17:22,Outbound,Operations Email,Follow Up Required,GEN-000459,P5 - 1129000459 - Graffiti Removal Request,1042
Yes,,Media Type: Email; Queue: RM,Email,RM Shared Mailbox; Grace Taylor,customer0460@example.com,2026-05-14 09:43:00,0:11:28,Inbound,RM Priority Email,Awaiting Customer Response,GEN-000460,P4 - 1129000460 - Fence Damage,688
Yes,,Media Type: Email; Queue: RM,Email,Initial Handler; Queue Transfer; Jordan Nguyen,customer0461@example.com,2026-05-12 11:31:00,0:08:25,Inbound,RM Priority Email,Transferred,GEN-000461,P5 - 1129000461 - Pest Control Request,505
Yes,,Media Type: Email; Queue: RM,Email,Queue Transfer; Grace Taylor,customer0462@example.com,2026-05-08 07:03:00,0:13:02,Outbound,Facilities Email,Transferred,GEN-000462,P4 - 1129000462 - Roof Leak,782
Yes,,Media Type: Email; Queue: RM,Email,RM Shared Mailbox; Noah Wilson,customer0463@example.com,2026-05-26 14:20:00,0:18:02,Inbound,RM Email,Duplicate,GEN-000463,P5 - 1129000463 - Pest Control Request,1082
Yes,,Media Type: Email; Queue: RM,Email,Queue Transfer; Emily Carter,customer0464@example.com,2026-05-08 09:39:00,0:08:49,Inbound,Operations Email,Follow Up Required,GEN-000464,P3.5 - 1129000464 - Lighting Fault,529
Yes,,Media Type: Email; Queue: RM,Email,Mia Thompson,customer0465@example.com,2026-05-24 12:59:00,0:06:00,Outbound,Facilities Email,Completed,GEN-000465,P3 - 1129000465 - Fridge Not Working,360
Yes,,Media Type: Email; Queue: RM,Email,RM Shared Mailbox; Chloe Martin,customer0466@example.com,2026-05-24 16:07:00,0:12:40,Inbound,Maintenance Email,Awaiting Customer Response,GEN-000466,P2 - 1129000466 - Furniture Repair Request,760
Yes,,Media Type: Email; Queue: RM,Email,Case Owner; Mia Thompson,customer0467@example.com,2026-05-19 16:32:00,0:18:41,Outbound,Facilities Email,Duplicate,GEN-000467,P3 - 1129000467 - Odour In Bathroom,1121
Yes,,Media Type: Email; Queue: RM,Email,Queue Transfer; Sophie Brown,customer0468@example.com,2026-05-28 07:33:00,0:16:38,Outbound,Operations Email,Completed,GEN-000468,P4 - 1129000468 - Pest Control Request,998
Yes,,Media Type: Email; Queue: RM,Email,Case Owner; Daniel Lee,customer0469@example.com,2026-05-01 10:04:00,0:19:22,Inbound,RM Email,Follow Up Required,GEN-000469,P5 - 1129000469 - Lighting Fault,1162
Yes,,Media Type: Email; Queue: RM,Email,"Shared Inbox, Sophie Brown",customer0470@example.com,2026-05-29 07:03:00,0:09:14,Outbound,Operations Email,Transferred,GEN-000470,P3 - 1129000470 - Fence Damage,554
Yes,,Media Type: Email; Queue: RM,Email,RM Shared Mailbox; Alex Johnson,customer0471@example.com,2026-05-27 08:07:00,0:19:51,Inbound,Maintenance Email,Information Provided,GEN-000471,P3 - 1129000471 - Fence Damage,1191
Yes,,Media Type: Email; Queue: RM,Email,Sophie Brown,customer0472@example.com,2026-05-23 12:06:00,0:05:07,Inbound,RM Email,Follow Up Required,GEN-000472,P3 - 1129000472 - Water Leak Reported,307
Yes,,Media Type: Email; Queue: RM,Email,"Shared Inbox, Olivia Harris",customer0473@example.com,2026-05-28 08:20:00,0:16:41,Outbound,Maintenance Email,Awaiting Customer Response,GEN-000473,P3.5 - 1129000473 - Toilet Blockage,1001
Yes,,Media Type: Email; Queue: RM,Email,Daniel Lee,customer0474@example.com,2026-05-16 17:00:00,0:11:09,Outbound,Facilities Email,Information Provided,GEN-000474,P3 - 1129000474 - Pest Control Request,669
Yes,,Media Type: Email; Queue: RM,Email,"Shared Inbox, Sophie Brown",customer0475@example.com,2026-05-13 11:51:00,0:14:01,Inbound,Operations Email,Information Provided,GEN-000475,P3 - 1129000475 - Security Door Fault,841
Yes,,Media Type: Email; Queue: RM,Email,Sophie Brown,customer0476@example.com,2026-05-12 15:48:00,0:09:40,Outbound,Maintenance Email,Completed,GEN-000476,P3 - 1129000476 - Waste Collection Query,580
Yes,,Media Type: Email; Queue: RM,Email,RM Shared Mailbox; Emily Carter,customer0477@example.com,2026-05-16 16:33:00,0:18:17,Inbound,Facilities Email,Completed,GEN-000477,P4 - 1129000477 - Hot Water Issue,1097
Yes,,Media Type: Email; Queue: RM,Email,Initial Handler; Queue Transfer; Emily Carter,customer0478@example.com,2026-05-07 15:24:00,0:16:24,Outbound,RM Email,Completed,GEN-000478,P3.5 - 1129000478 - Furniture Repair Request,984
Yes,,Media Type: Email; Queue: RM,Email,RM Shared Mailbox; Jordan Nguyen,customer0479@example.com,2026-05-08 09:24:00,0:11:00,Inbound,RM Priority Email,Completed,GEN-000479,P3 - 1129000479 - Car Park Lighting Fault,660
Yes,,Media Type: Email; Queue: RM,Email,RM Shared Mailbox; Ava Robinson,customer0480@example.com,2026-05-21 13:41:00,0:06:04,Outbound,Maintenance Email,Completed,GEN-000480,P3 - 1129000480 - Pest Control Request,364
Yes,,Media Type: Email; Queue: RM,Email,Queue Transfer; Ava Robinson,customer0481@example.com,2026-05-31 07:05:00,0:15:58,Outbound,Operations Email,Transferred,GEN-000481,P3.5 - 1129000481 - Graffiti Removal Request,958
Yes,,Media Type: Email; Queue: RM,Email,Initial Handler; Queue Transfer; Sophie Brown,customer0482@example.com,2026-05-02 13:30:00,0:10:45,Outbound,Facilities Email,Information Provided,GEN-000482,P5 - 1129000482 - Pest Control Request,645
Yes,,Media Type: Email; Queue: RM,Email,Initial Handler; Queue Transfer; Brianna Smith,customer0483@example.com,2026-05-28 11:57:00,0:09:04,Inbound,Operations Email,Completed,GEN-000483,P3.5 - 1129000483 - Kitchen Equipment Fault,544
Yes,,Media Type: Email; Queue: RM,Email,RM Shared Mailbox; Sophie Brown,customer0484@example.com,2026-05-23 12:30:00,0:04:48,Outbound,Operations Email,Follow Up Required,GEN-000484,P3 - 1129000484 - Pest Control Request,288
Yes,,Media Type: Email; Queue: RM,Email,Initial Handler; Queue Transfer; Alex Johnson,customer0485@example.com,2026-05-29 14:00:00,0:16:56,Inbound,RM Email,Transferred,GEN-000485,P3.5 - 1129000485 - Fire Door Issue,1016
Yes,,Media Type: Email; Queue: RM,Email,RM Shared Mailbox; Brianna Smith,customer0486@example.com,2026-05-01 10:45:00,0:18:47,Outbound,Operations Email,Awaiting Customer Response,GEN-000486,P3.5 - 1129000486 - Security Door Fault,1127
Yes,,Media Type: Email; Queue: RM,Email,RM Shared Mailbox; Emily Carter,customer0487@example.com,2026-05-25 13:07:00,0:11:47,Outbound,Facilities Email,Follow Up Required,GEN-000487,P3.5 - 1129000487 - External Lighting Fault,707
Yes,,Media Type: Email; Queue: RM,Email,Case Owner; Grace Taylor,customer0488@example.com,2026-05-28 14:25:00,0:18:30,Outbound,Maintenance Email,Completed,GEN-000488,P3 - 1129000488 - Pest Control Request,1110
Yes,,Media Type: Email; Queue: RM,Email,Case Owner; Emily Carter,customer0489@example.com,2026-05-27 10:48:00,0:18:55,Inbound,RM Priority Email,Follow Up Required,GEN-000489,P5 - 1129000489 - Blocked Sink,1135
Yes,,Media Type: Email; Queue: RM,Email,Case Owner; Ava Robinson,customer0490@example.com,2026-05-10 09:58:00,0:19:52,Inbound,Facilities Email,Completed,GEN-000490,P3.5 - 1129000490 - After Hours Maintenance Request,1192
Yes,,Media Type: Email; Queue: RM,Email,"Shared Inbox, Alex Johnson",customer0491@example.com,2026-05-24 16:31:00,0:08:18,Inbound,Facilities Email,Awaiting Customer Response,GEN-000491,P3.5 - 1129000491 - Lighting Fault,498
Yes,,Media Type: Email; Queue: RM,Email,Case Owner; Daniel Lee,customer0492@example.com,2026-05-11 09:26:00,0:04:03,Outbound,Operations Email,Awaiting Customer Response,GEN-000492,P5 - 1129000492 - Cleaning Request,243
Yes,,Media Type: Email; Queue: RM,Email,Case Owner; Olivia Harris,customer0493@example.com,2026-05-04 15:18:00,0:10:02,Inbound,Facilities Email,Duplicate,GEN-000493,P3.5 - 1129000493 - Toilet Blockage,602
Yes,,Media Type: Email; Queue: RM,Email,Olivia Harris,customer0494@example.com,2026-05-24 12:59:00,0:05:21,Inbound,RM Email,Awaiting Customer Response,GEN-000494,P1 - 1129000494 - Heating Issue,321
Yes,,Media Type: Email; Queue: RM,Email,Queue Transfer; Sophie Brown,customer0495@example.com,2026-05-24 10:37:00,0:12:02,Outbound,Operations Email,Duplicate,GEN-000495,P2 - 1129000495 - After Hours Maintenance Request,722
Yes,,Media Type: Email; Queue: RM,Email,"Shared Inbox, Emily Carter",customer0496@example.com,2026-05-01 08:12:00,0:09:29,Outbound,Operations Email,Transferred,GEN-000496,P5 - 1129000496 - General Maintenance Request,569
Yes,,Media Type: Email; Queue: RM,Email,Case Owner; Lucas Moore,customer0497@example.com,2026-05-05 07:52:00,0:08:15,Inbound,RM Priority Email,Transferred,GEN-000497,P3 - 1129000497 - Water Leak Reported,495
Yes,,Media Type: Email; Queue: RM,Email,Queue Transfer; Jordan Nguyen,customer0498@example.com,2026-05-06 10:37:00,0:18:56,Outbound,RM Priority Email,Awaiting Customer Response,GEN-000498,P2 - 1129000498 - Furniture Repair Request,1136
Yes,,Media Type: Email; Queue: RM,Email,RM Shared Mailbox; Olivia Harris,customer0499@example.com,2026-05-12 11:49:00,0:11:33,Inbound,RM Priority Email,Transferred,GEN-000499,P5 - 1129000499 - Roof Leak,693
Yes,,Media Type: Email; Queue: RM,Email,Case Owner; Emily Carter,customer0500@example.com,2026-05-17 13:52:00,0:06:45,Outbound,RM Email,Follow Up Required,GEN-000500,P5 - 1129000500 - Power Outage,405
Yes,,Media Type: Email; Queue: RM,Email,RM Shared Mailbox; Daniel Lee,customer0501@example.com,2026-05-09 07:06:00,0:11:46,Outbound,Maintenance Email,Transferred,GEN-000501,P4 - 1129000501 - External Lighting Fault,706
Yes,,Media Type: Email; Queue: RM,Email,"Shared Inbox, Liam Davis",customer0502@example.com,2026-05-07 10:17:00,0:08:57,Inbound,Operations Email,Information Provided,GEN-000502,P5 - 1129000502 - Pest Control Request,537
Yes,,Media Type: Email; Queue: RM,Email,Initial Handler; Queue Transfer; Liam Davis,customer0503@example.com,2026-05-06 11:38:00,0:06:43,Outbound,Facilities Email,Awaiting Customer Response,GEN-000503,P3.5 - 1129000503 - Graffiti Removal Request,403
Yes,,Media Type: Email; Queue: RM,Email,Queue Transfer; Ethan Clark,customer0504@example.com,2026-05-05 13:52:00,0:10:57,Outbound,Facilities Email,Information Provided,GEN-000504,P3 - 1129000504 - Odour In Bathroom,657
Yes,,Media Type: Email; Queue: RM,Email,Noah Wilson,customer0505@example.com,2026-05-05 15:34:00,0:04:09,Outbound,Facilities Email,Awaiting Customer Response,GEN-000505,P1 - 1129000505 - Damaged Ceiling Tile,249
Yes,,Media Type: Email; Queue: RM,Email,RM Shared Mailbox; Noah Wilson,customer0506@example.com,2026-05-10 16:53:00,0:10:01,Outbound,RM Email,Follow Up Required,GEN-000506,P5 (within 7 days) - 1129000506 - Roof Leak,601
Yes,,Media Type: Email; Queue: RM,Email,Queue Transfer; Ethan Clark,customer0507@example.com,2026-05-26 13:35:00,0:14:56,Outbound,Facilities Email,Duplicate,GEN-000507,P4 - 1129000507 - Heating Issue,896
Yes,,Media Type: Email; Queue: RM,Email,"Shared Inbox, Ava Robinson",customer0508@example.com,2026-05-07 14:13:00,0:18:29,Inbound,Maintenance Email,Follow Up Required,GEN-000508,P4 - 1129000508 - Door Lock Not Working,1109
Yes,,Media Type: Email; Queue: RM,Email,Brianna Smith,customer0509@example.com,2026-05-06 12:57:00,0:15:44,Inbound,RM Priority Email,Follow Up Required,GEN-000509,P5 - 1129000509 - Broken Door Handle,944
Yes,,Media Type: Email; Queue: RM,Email,Queue Transfer; Liam Davis,customer0510@example.com,2026-05-13 13:08:00,0:05:45,Inbound,RM Email,Transferred,GEN-000510,P5 (within 7 days) - 1129000510 - Water Leak Reported,345
Yes,,Media Type: Email; Queue: RM,Email,Initial Handler; Queue Transfer; Chloe Martin,customer0511@example.com,2026-05-02 12:05:00,0:13:43,Outbound,RM Priority Email,Completed,GEN-000511,P5 - 1129000511 - Roof Leak,823
Yes,,Media Type: Email; Queue: RM,Email,"Shared Inbox, Liam Davis",customer0512@example.com,2026-05-01 11:50:00,0:04:31,Inbound,Maintenance Email,Duplicate,GEN-000512,P4 - 1129000512 - Electrical Fault,271
Yes,,Media Type: Email; Queue: RM,Email,Queue Transfer; Lucas Moore,customer0513@example.com,2026-05-23 11:35:00,0:05:14,Inbound,Facilities Email,Transferred,GEN-000513,P2 - 1129000513 - Graffiti Removal Request,314
Yes,,Media Type: Email; Queue: RM,Email,Initial Handler; Queue Transfer; Alex Johnson,customer0514@example.com,2026-05-18 16:23:00,0:17:47,Outbound,Facilities Email,Duplicate,GEN-000514,P3 - 1129000514 - Electrical Fault,1067
Yes,,Media Type: Email; Queue: RM,Email,"Shared Inbox, Olivia Harris",customer0515@example.com,2026-05-27 16:17:00,0:18:23,Outbound,RM Priority Email,Information Provided,GEN-000515,P4 - 1129000515 - Irrigation Issue,1103
Yes,,Media Type: Email; Queue: RM,Email,RM Shared Mailbox; Lucas Moore,customer0516@example.com,2026-05-08 10:41:00,0:04:21,Inbound,RM Email,Awaiting Customer Response,GEN-000516,P5 (within 7 days) - 1129000516 - Security Door Fault,261
Yes,,Media Type: Email; Queue: RM,Email,Emily Carter,customer0517@example.com,2026-05-03 12:09:00,0:16:43,Inbound,RM Email,Duplicate,GEN-000517,P4 - 1129000517 - Broken Door Handle,1003
Yes,,Media Type: Email; Queue: RM,Email,Olivia Harris,customer0518@example.com,2026-05-05 08:53:00,0:11:48,Inbound,Maintenance Email,Completed,GEN-000518,P3 - 1129000518 - Damaged Ceiling Tile,708
Yes,,Media Type: Email; Queue: RM,Email,RM Shared Mailbox; Olivia Harris,customer0519@example.com,2026-05-13 11:15:00,0:09:00,Inbound,Facilities Email,Information Provided,GEN-000519,P3 - 1129000519 - Fence Damage,540
Yes,,Media Type: Email; Queue: RM,Email,"Shared Inbox, Alex Johnson",customer0520@example.com,2026-05-16 13:52:00,0:07:18,Inbound,RM Email,Awaiting Customer Response,GEN-000520,P3 - 1129000520 - Flooring Damage,438
Yes,,Media Type: Email; Queue: RM,Email,Queue Transfer; Ethan Clark,customer0521@example.com,2026-05-17 12:00:00,0:06:22,Inbound,RM Email,Duplicate,GEN-000521,P3.5 - 1129000521 - Roof Leak,382
Yes,,Media Type: Email; Queue: RM,Email,Case Owner; Liam Davis,customer0522@example.com,2026-05-07 09:20:00,0:06:02,Outbound,Maintenance Email,Duplicate,GEN-000522,P3.5 - 1129000522 - Fence Damage,362
Yes,,Media Type: Email; Queue: RM,Email,Brianna Smith,customer0523@example.com,2026-05-09 10:24:00,0:13:46,Outbound,RM Email,Follow Up Required,GEN-000523,P3.5 - 1129000523 - Graffiti Removal Request,826
Yes,,Media Type: Email; Queue: RM,Email,Initial Handler; Queue Transfer; Grace Taylor,customer0524@example.com,2026-05-10 10:56:00,0:10:42,Outbound,Facilities Email,Awaiting Customer Response,GEN-000524,P5 - 1129000524 - Tap Not Working,642
Yes,,Media Type: Email; Queue: RM,Email,Queue Transfer; Mia Thompson,customer0525@example.com,2026-05-25 11:49:00,0:08:39,Inbound,Operations Email,Duplicate,GEN-000525,P3 - 1129000525 - Furniture Repair Request,519
Yes,,Media Type: Email; Queue: RM,Email,Ethan Clark,customer0526@example.com,2026-05-13 13:42:00,0:06:06,Inbound,Operations Email,Information Provided,GEN-000526,P5 (within 7 days) - 1129000526 - Damaged Ceiling Tile,366
Yes,,Media Type: Email; Queue: RM,Email,Ethan Clark,customer0527@example.com,2026-05-04 16:07:00,0:07:10,Inbound,Operations Email,Follow Up Required,GEN-000527,P3.5 - 1129000527 - Toilet Blockage,430
Yes,,Media Type: Email; Queue: RM,Email,"Shared Inbox, Grace Taylor",customer0528@example.com,2026-05-26 14:38:00,0:11:58,Inbound,Maintenance Email,Awaiting Customer Response,GEN-000528,P2 - 1129000528 - Signage Repair Request,718
Yes,,Media Type: Email; Queue: RM,Email,"Shared Inbox, Liam Davis",customer0529@example.com,2026-05-26 09:45:00,0:12:34,Inbound,Operations Email,Follow Up Required,GEN-000529,P5 - 1129000529 - Window Repair Request,754
Yes,,Media Type: Email; Queue: RM,Email,"Shared Inbox, Chloe Martin",customer0530@example.com,2026-05-28 08:37:00,0:11:26,Inbound,Operations Email,Information Provided,GEN-000530,P3 - 1129000530 - Pest Control Request,686
Yes,,Media Type: Email; Queue: RM,Email,Initial Handler; Queue Transfer; Ethan Clark,customer0531@example.com,2026-05-12 12:10:00,0:14:27,Outbound,RM Priority Email,Completed,GEN-000531,P3 - 1129000531 - Damaged Ceiling Tile,867
Yes,,Media Type: Email; Queue: RM,Email,RM Shared Mailbox; Chloe Martin,customer0532@example.com,2026-05-22 16:22:00,0:07:18,Inbound,Facilities Email,Transferred,GEN-000532,P3 - 1129000532 - Signage Repair Request,438
Yes,,Media Type: Email; Queue: RM,Email,Case Owner; Chloe Martin,customer0533@example.com,2026-05-19 11:26:00,0:13:54,Outbound,Operations Email,Duplicate,GEN-000533,P3.5 - 1129000533 - Electrical Fault,834
Yes,,Media Type: Email; Queue: RM,Email,RM Shared Mailbox; Jordan Nguyen,customer0534@example.com,2026-05-05 10:06:00,0:19:03,Outbound,Operations Email,Follow Up Required,GEN-000534,P3.5 - 1129000534 - Fire Door Issue,1143
Yes,,Media Type: Email; Queue: RM,Email,Queue Transfer; Jordan Nguyen,customer0535@example.com,2026-05-30 11:18:00,0:14:37,Outbound,RM Email,Completed,GEN-000535,P3 - 1129000535 - Waste Collection Query,877
Yes,,Media Type: Email; Queue: RM,Email,Queue Transfer; Olivia Harris,customer0536@example.com,2026-05-12 13:39:00,0:12:57,Outbound,Maintenance Email,Awaiting Customer Response,GEN-000536,P4 - 1129000536 - External Lighting Fault,777
Yes,,Media Type: Email; Queue: RM,Email,Initial Handler; Queue Transfer; Lucas Moore,customer0537@example.com,2026-05-13 09:37:00,0:09:57,Inbound,RM Priority Email,Completed,GEN-000537,P2 - 1129000537 - Smoke Alarm Fault,597
Yes,,Media Type: Email; Queue: RM,Email,Queue Transfer; Olivia Harris,customer0538@example.com,2026-05-08 16:19:00,0:19:56,Inbound,RM Priority Email,Follow Up Required,GEN-000538,P1 - 1129000538 - Cleaning Request,1196
Yes,,Media Type: Email; Queue: RM,Email,Queue Transfer; Grace Taylor,customer0539@example.com,2026-05-09 11:47:00,0:08:38,Outbound,Maintenance Email,Awaiting Customer Response,GEN-000539,P3 - 1129000539 - Car Park Lighting Fault,518
Yes,,Media Type: Email; Queue: RM,Email,Grace Taylor,customer0540@example.com,2026-05-03 12:46:00,0:18:45,Outbound,RM Email,Duplicate,GEN-000540,P3 - 1129000540 - Water Leak Reported,1125
Yes,,Media Type: Email; Queue: RM,Email,Queue Transfer; Ethan Clark,customer0541@example.com,2026-05-16 11:43:00,0:14:06,Inbound,Facilities Email,Follow Up Required,GEN-000541,P1 - 1129000541 - Blocked Drain,846
Yes,,Media Type: Email; Queue: RM,Email,Queue Transfer; Olivia Harris,customer0542@example.com,2026-05-12 09:32:00,0:10:19,Inbound,RM Priority Email,Awaiting Customer Response,GEN-000542,P3 - 1129000542 - Blocked Drain,619
Yes,,Media Type: Email; Queue: RM,Email,"Shared Inbox, Chloe Martin",customer0543@example.com,2026-05-21 10:33:00,0:06:25,Outbound,RM Priority Email,Awaiting Customer Response,GEN-000543,P4 - 1129000543 - Drainage Issue,385
Yes,,Media Type: Email; Queue: RM,Email,RM Shared Mailbox; Brianna Smith,customer0544@example.com,2026-05-15 11:07:00,0:12:55,Inbound,RM Email,Follow Up Required,GEN-000544,P3.5 - 1129000544 - External Lighting Fault,775
Yes,,Media Type: Email; Queue: RM,Email,RM Shared Mailbox; Grace Taylor,customer0545@example.com,2026-05-01 16:37:00,0:19:01,Inbound,Facilities Email,Awaiting Customer Response,GEN-000545,P5 - 1129000545 - Damaged Ceiling Tile,1141
Yes,,Media Type: Email; Queue: RM,Email,Queue Transfer; Lucas Moore,customer0546@example.com,2026-05-21 14:44:00,0:18:22,Outbound,Maintenance Email,Duplicate,GEN-000546,P3.5 - 1129000546 - Lighting Fault,1102
Yes,,Media Type: Email; Queue: RM,Email,"Shared Inbox, Grace Taylor",customer0547@example.com,2026-05-21 14:14:00,0:16:46,Inbound,Operations Email,Duplicate,GEN-000547,P4 - 1129000547 - Air Conditioner Fault,1006
Yes,,Media Type: Email; Queue: RM,Email,Olivia Harris,customer0548@example.com,2026-05-31 14:23:00,0:09:36,Inbound,RM Priority Email,Duplicate,GEN-000548,P5 - 1129000548 - External Lighting Fault,576
Yes,,Media Type: Email; Queue: RM,Email,Liam Davis,customer0549@example.com,2026-05-20 12:49:00,0:05:54,Outbound,RM Email,Information Provided,GEN-000549,P3.5 - 1129000549 - Water Leak Reported,354
Yes,,Media Type: Email; Queue: RM,Email,Ethan Clark,customer0550@example.com,2026-05-11 14:28:00,0:16:51,Inbound,Operations Email,Follow Up Required,GEN-000550,P2 - 1129000550 - Grounds Maintenance Request,1011
Yes,,Media Type: Email; Queue: RM,Email,RM Shared Mailbox; Jordan Nguyen,customer0551@example.com,2026-05-27 09:36:00,0:12:29,Inbound,Maintenance Email,Completed,GEN-000551,P3 - 1129000551 - Power Outage,749
Yes,,Media Type: Email; Queue: RM,Email,Case Owner; Chloe Martin,customer0552@example.com,2026-05-12 15:10:00,0:10:46,Outbound,RM Email,Awaiting Customer Response,GEN-000552,P3 - 1129000552 - Fence Damage,646
Yes,,Media Type: Email; Queue: RM,Email,Case Owner; Noah Wilson,customer0553@example.com,2026-05-09 07:23:00,0:19:53,Inbound,Maintenance Email,Follow Up Required,GEN-000553,P3.5 - 1129000553 - Smoke Alarm Fault,1193
Yes,,Media Type: Email; Queue: RM,Email,"Shared Inbox, Chloe Martin",customer0554@example.com,2026-05-13 10:57:00,0:17:38,Inbound,RM Priority Email,Duplicate,GEN-000554,P3.5 - 1129000554 - Security Door Fault,1058
Yes,,Media Type: Email; Queue: RM,Email,RM Shared Mailbox; Chloe Martin,customer0555@example.com,2026-05-08 11:46:00,0:15:41,Outbound,Maintenance Email,Duplicate,GEN-000555,General enquiry - 1129000555 - Kitchen Equipment Fault,941
Yes,,Media Type: Email; Queue: RM,Email,Case Owner; Chloe Martin,customer0556@example.com,2026-05-05 13:44:00,0:09:38,Outbound,RM Email,Follow Up Required,GEN-000556,P1 - 1129000556 - Hot Water Issue,578
Yes,,Media Type: Email; Queue: RM,Email,Queue Transfer; Liam Davis,customer0557@example.com,2026-05-04 10:01:00,0:11:48,Inbound,Facilities Email,Awaiting Customer Response,GEN-000557,P3 - 1129000557 - Fridge Not Working,708
Yes,,Media Type: Email; Queue: RM,Email,Initial Handler; Queue Transfer; Ethan Clark,customer0558@example.com,2026-05-06 12:01:00,0:10:59,Inbound,RM Email,Completed,GEN-000558,P2 - 1129000558 - Graffiti Removal Request,659
Yes,,Media Type: Email; Queue: RM,Email,"Shared Inbox, Alex Johnson",customer0559@example.com,2026-05-06 08:27:00,0:07:17,Inbound,Facilities Email,Duplicate,GEN-000559,P3 - 1129000559 - Graffiti Removal Request,437
Yes,,Media Type: Email; Queue: RM,Email,RM Shared Mailbox; Mia Thompson,customer0560@example.com,2026-05-01 11:59:00,0:19:59,Outbound,Facilities Email,Awaiting Customer Response,GEN-000560,P5 - 1129000560 - Fence Damage,1199
Yes,,Media Type: Email; Queue: RM,Email,RM Shared Mailbox; Brianna Smith,customer0561@example.com,2026-05-29 09:27:00,0:13:12,Inbound,Facilities Email,Awaiting Customer Response,GEN-000561,P5 - 1129000561 - Pest Control Request,792
Yes,,Media Type: Email; Queue: RM,Email,"Shared Inbox, Alex Johnson",customer0562@example.com,2026-05-07 13:14:00,0:15:58,Outbound,Maintenance Email,Information Provided,GEN-000562,P3 - 1129000562 - Lift Fault Reported,958
Yes,,Media Type: Email; Queue: RM,Email,RM Shared Mailbox; Brianna Smith,customer0563@example.com,2026-05-12 07:14:00,0:11:22,Outbound,RM Priority Email,Duplicate,GEN-000563,P3.5 - 1129000563 - Toilet Blockage,682
Yes,,Media Type: Email; Queue: RM,Email,"Shared Inbox, Alex Johnson",customer0564@example.com,2026-05-30 08:30:00,0:10:32,Inbound,Maintenance Email,Duplicate,GEN-000564,P3 - 1129000564 - Blocked Sink,632
Yes,,Media Type: Email; Queue: RM,Email,"Shared Inbox, Sophie Brown",customer0565@example.com,2026-05-05 07:05:00,0:16:43,Inbound,RM Priority Email,Completed,GEN-000565,P4 - 1129000565 - Odour In Bathroom,1003
Yes,,Media Type: Email; Queue: RM,Email,Case Owner; Jordan Nguyen,customer0566@example.com,2026-05-03 08:12:00,0:09:16,Outbound,Facilities Email,Follow Up Required,GEN-000566,P3 - 1129000566 - Waste Collection Query,556
Yes,,Media Type: Email; Queue: RM,Email,"Shared Inbox, Lucas Moore",customer0567@example.com,2026-05-06 09:13:00,0:10:17,Outbound,RM Priority Email,Information Provided,GEN-000567,P3 - 1129000567 - Irrigation Issue,617
Yes,,Media Type: Email; Queue: RM,Email,Queue Transfer; Chloe Martin,customer0568@example.com,2026-05-28 10:01:00,0:12:32,Outbound,Facilities Email,Duplicate,GEN-000568,P5 - 1129000568 - Blocked Sink,752
Yes,,Media Type: Email; Queue: RM,Email,Brianna Smith,customer0569@example.com,2026-05-01 12:47:00,0:07:44,Inbound,Facilities Email,Transferred,GEN-000569,P2 - 1129000569 - General Maintenance Request,464
Yes,,Media Type: Email; Queue: RM,Email,Initial Handler; Queue Transfer; Mia Thompson,customer0570@example.com,2026-05-28 14:05:00,0:17:29,Outbound,RM Email,Transferred,GEN-000570,P3.5 - 1129000570 - After Hours Maintenance Request,1049
Yes,,Media Type: Email; Queue: RM,Email,"Shared Inbox, Daniel Lee",customer0571@example.com,2026-05-17 15:24:00,0:11:02,Outbound,RM Email,Information Provided,GEN-000571,P4 - 1129000571 - Furniture Repair Request,662
Yes,,Media Type: Email; Queue: RM,Email,Queue Transfer; Noah Wilson,customer0572@example.com,2026-05-24 13:46:00,0:09:11,Outbound,RM Priority Email,Follow Up Required,GEN-000572,P4 - 1129000572 - Blocked Sink,551
Yes,,Media Type: Email; Queue: RM,Email,Queue Transfer; Alex Johnson,customer0573@example.com,2026-05-30 15:37:00,0:10:10,Outbound,RM Priority Email,Information Provided,GEN-000573,P2 - 1129000573 - Smoke Alarm Fault,610
Yes,,Media Type: Email; Queue: RM,Email,Case Owner; Olivia Harris,customer0574@example.com,2026-05-06 14:50:00,0:05:45,Inbound,RM Email,Follow Up Required,GEN-000574,P4 - 1129000574 - Blocked Drain,345
Yes,,Media Type: Email; Queue: RM,Email,Case Owner; Sophie Brown,customer0575@example.com,2026-05-23 07:15:00,0:08:14,Outbound,Maintenance Email,Information Provided,GEN-000575,P4 - 1129000575 - Signage Repair Request,494
Yes,,Media Type: Email; Queue: RM,Email,Initial Handler; Queue Transfer; Ethan Clark,customer0576@example.com,2026-05-26 15:01:00,0:16:09,Inbound,Operations Email,Duplicate,GEN-000576,P2 - 1129000576 - Smoke Alarm Fault,969
Yes,,Media Type: Email; Queue: RM,Email,Initial Handler; Queue Transfer; Olivia Harris,customer0577@example.com,2026-05-19 11:27:00,0:08:20,Outbound,RM Priority Email,Duplicate,GEN-000577,P3 - 1129000577 - Graffiti Removal Request,500
Yes,,Media Type: Email; Queue: RM,Email,Initial Handler; Queue Transfer; Jordan Nguyen,customer0578@example.com,2026-05-12 16:26:00,0:16:45,Inbound,Operations Email,Duplicate,GEN-000578,P4 - 1129000578 - Fire Door Issue,1005
Yes,,Media Type: Email; Queue: RM,Email,"Shared Inbox, Olivia Harris",customer0579@example.com,2026-05-28 09:54:00,0:16:10,Inbound,RM Priority Email,Follow Up Required,GEN-000579,P4 - 1129000579 - Fire Door Issue,970
Yes,,Media Type: Email; Queue: RM,Email,Case Owner; Liam Davis,customer0580@example.com,2026-05-10 08:53:00,0:09:04,Outbound,Maintenance Email,Completed,GEN-000580,P3 - 1129000580 - Toilet Blockage,544
Yes,,Media Type: Email; Queue: RM,Email,RM Shared Mailbox; Sophie Brown,customer0581@example.com,2026-05-31 12:50:00,0:06:46,Inbound,Facilities Email,Awaiting Customer Response,GEN-000581,P3.5 - 1129000581 - Security Door Fault,406
Yes,,Media Type: Email; Queue: RM,Email,Ethan Clark,customer0582@example.com,2026-05-29 07:59:00,0:18:04,Outbound,Facilities Email,Follow Up Required,GEN-000582,P3 - 1129000582 - Heating Issue,1084
Yes,,Media Type: Email; Queue: RM,Email,"Shared Inbox, Liam Davis",customer0583@example.com,2026-05-22 13:49:00,0:16:55,Inbound,Operations Email,Follow Up Required,GEN-000583,P3 - 1129000583 - Waste Collection Query,1015
Yes,,Media Type: Email; Queue: RM,Email,Initial Handler; Queue Transfer; Mia Thompson,customer0584@example.com,2026-05-12 10:55:00,0:10:33,Inbound,Maintenance Email,Transferred,GEN-000584,P3.5 - 1129000584 - Drainage Issue,633
Yes,,Media Type: Email; Queue: RM,Email,Initial Handler; Queue Transfer; Lucas Moore,customer0585@example.com,2026-05-12 15:56:00,0:16:05,Outbound,Operations Email,Awaiting Customer Response,GEN-000585,P3 - 1129000585 - Blocked Sink,965
Yes,,Media Type: Email; Queue: RM,Email,Queue Transfer; Brianna Smith,customer0586@example.com,2026-05-23 11:42:00,0:13:37,Inbound,Operations Email,Duplicate,GEN-000586,P3 - 1129000586 - Fire Door Issue,817
Yes,,Media Type: Email; Queue: RM,Email,Queue Transfer; Mia Thompson,customer0587@example.com,2026-05-05 08:05:00,0:10:40,Outbound,RM Email,Completed,GEN-000587,P2 - 1129000587 - Access Card Issue,640
Yes,,Media Type: Email; Queue: RM,Email,Chloe Martin,customer0588@example.com,2026-05-12 12:24:00,0:16:06,Inbound,Maintenance Email,Awaiting Customer Response,GEN-000588,P3 - 1129000588 - Flooring Damage,966
Yes,,Media Type: Email; Queue: RM,Email,Emily Carter,customer0589@example.com,2026-05-04 14:00:00,0:09:01,Inbound,Operations Email,Follow Up Required,GEN-000589,P4 - 1129000589 - Heating Issue,541
Yes,,Media Type: Email; Queue: RM,Email,Initial Handler; Queue Transfer; Mia Thompson,customer0590@example.com,2026-05-21 13:42:00,0:16:43,Inbound,Operations Email,Follow Up Required,GEN-000590,P3 - 1129000590 - Toilet Blockage,1003
Yes,,Media Type: Email; Queue: RM,Email,RM Shared Mailbox; Olivia Harris,customer0591@example.com,2026-05-31 13:12:00,0:19:43,Outbound,RM Priority Email,Follow Up Required,GEN-000591,P3.5 - 1129000591 - Flooring Damage,1183
Yes,,Media Type: Email; Queue: RM,Email,RM Shared Mailbox; Liam Davis,customer0592@example.com,2026-05-15 13:58:00,0:06:34,Outbound,RM Priority Email,Awaiting Customer Response,GEN-000592,P4 - 1129000592 - Fence Damage,394
Yes,,Media Type: Email; Queue: RM,Email,Ava Robinson,customer0593@example.com,2026-05-18 13:19:00,0:15:56,Outbound,Maintenance Email,Awaiting Customer Response,GEN-000593,P4 - 1129000593 - Cleaning Request,956
Yes,,Media Type: Email; Queue: RM,Email,Case Owner; Emily Carter,customer0594@example.com,2026-05-29 08:30:00,0:10:39,Inbound,Facilities Email,Completed,GEN-000594,P3 - 1129000594 - Car Park Lighting Fault,639
Yes,,Media Type: Email; Queue: RM,Email,Initial Handler; Queue Transfer; Daniel Lee,customer0595@example.com,2026-05-23 13:32:00,0:07:48,Inbound,RM Email,Duplicate,GEN-000595,P5 (within 7 days) - 1129000595 - Access Card Issue,468
Yes,,Media Type: Email; Queue: RM,Email,Queue Transfer; Noah Wilson,customer0596@example.com,2026-05-03 09:42:00,0:11:02,Outbound,Facilities Email,Awaiting Customer Response,GEN-000596,P3 - 1129000596 - Irrigation Issue,662
Yes,,Media Type: Email; Queue: RM,Email,Queue Transfer; Ethan Clark,customer0597@example.com,2026-05-17 14:17:00,0:10:37,Outbound,RM Priority Email,Transferred,GEN-000597,P3.5 - 1129000597 - Security Door Fault,637
Yes,,Media Type: Email; Queue: RM,Email,Initial Handler; Queue Transfer; Emily Carter,customer0598@example.com,2026-05-16 07:02:00,0:13:20,Outbound,RM Email,Completed,GEN-000598,P4 - 1129000598 - After Hours Maintenance Request,800
Yes,,Media Type: Email; Queue: RM,Email,Queue Transfer; Chloe Martin,customer0599@example.com,2026-05-14 12:44:00,0:06:41,Outbound,Maintenance Email,Completed,GEN-000599,P3 - 1129000599 - Toilet Blockage,401
Yes,,Media Type: Email; Queue: RM,Email,Case Owner; Liam Davis,customer0600@example.com,2026-05-26 10:44:00,0:15:28,Outbound,Operations Email,Duplicate,GEN-000600,P2 - 1129000600 - Security Door Fault,928
Yes,,Media Type: Email; Queue: RM,Email,Case Owner; Jordan Nguyen,customer0601@example.com,2026-05-28 16:40:00,0:04:50,Outbound,Operations Email,Information Provided,GEN-000601,P3 - 1129000601 - Fridge Not Working,290
Yes,,Media Type: Email; Queue: RM,Email,Initial Handler; Queue Transfer; Alex Johnson,customer0602@example.com,2026-05-22 16:12:00,0:19:22,Inbound,Facilities Email,Information Provided,GEN-000602,P4 - 1129000602 - Roof Leak,1162
Yes,,Media Type: Email; Queue: RM,Email,Queue Transfer; Alex Johnson,customer0603@example.com,2026-05-14 14:35:00,0:15:31,Inbound,RM Email,Awaiting Customer Response,GEN-000603,P5 - 1129000603 - Blocked Drain,931
Yes,,Media Type: Email; Queue: RM,Email,"Shared Inbox, Sophie Brown",customer0604@example.com,2026-05-28 13:55:00,0:12:39,Inbound,Maintenance Email,Information Provided,GEN-000604,P4 - 1129000604 - Grounds Maintenance Request,759
Yes,,Media Type: Email; Queue: RM,Email,"Shared Inbox, Alex Johnson",customer0605@example.com,2026-05-15 16:51:00,0:06:32,Inbound,Maintenance Email,Completed,GEN-000605,P3 - 1129000605 - Irrigation Issue,392
Yes,,Media Type: Email; Queue: RM,Email,"Shared Inbox, Mia Thompson",customer0606@example.com,2026-05-08 16:26:00,0:16:17,Outbound,RM Priority Email,Transferred,GEN-000606,P3 - 1129000606 - Lighting Fault,977
Yes,,Media Type: Email; Queue: RM,Email,Initial Handler; Queue Transfer; Sophie Brown,customer0607@example.com,2026-05-27 10:42:00,0:10:03,Outbound,Operations Email,Awaiting Customer Response,GEN-000607,P2 - 1129000607 - Lighting Fault,603
Yes,,Media Type: Email; Queue: RM,Email,"Shared Inbox, Chloe Martin",customer0608@example.com,2026-05-08 13:01:00,0:08:36,Inbound,Facilities Email,Follow Up Required,GEN-000608,P3.5 - 1129000608 - Broken Door Handle,516
Yes,,Media Type: Email; Queue: RM,Email,Noah Wilson,customer0609@example.com,2026-05-06 10:53:00,0:05:06,Outbound,RM Email,Transferred,GEN-000609,P2 - 1129000609 - Electrical Fault,306
Yes,,Media Type: Email; Queue: RM,Email,RM Shared Mailbox; Jordan Nguyen,customer0610@example.com,2026-05-17 08:17:00,0:11:43,Outbound,RM Email,Completed,GEN-000610,P3.5 - 1129000610 - Kitchen Equipment Fault,703
Yes,,Media Type: Email; Queue: RM,Email,Queue Transfer; Chloe Martin,customer0611@example.com,2026-05-16 11:00:00,0:05:25,Inbound,Maintenance Email,Completed,GEN-000611,P3 - 1129000611 - Hot Water Issue,325
Yes,,Media Type: Email; Queue: RM,Email,RM Shared Mailbox; Daniel Lee,customer0612@example.com,2026-05-14 16:26:00,0:04:38,Outbound,Operations Email,Awaiting Customer Response,GEN-000612,P3.5 - 1129000612 - Odour In Bathroom,278
Yes,,Media Type: Email; Queue: RM,Email,"Shared Inbox, Ava Robinson",customer0613@example.com,2026-05-14 10:27:00,0:16:55,Inbound,Facilities Email,Information Provided,GEN-000613,P4 - 1129000613 - Power Outage,1015
Yes,,Media Type: Email; Queue: RM,Email,"Shared Inbox, Brianna Smith",customer0614@example.com,2026-05-02 12:20:00,0:09:50,Inbound,Maintenance Email,Duplicate,GEN-000614,P2 - 1129000614 - External Lighting Fault,590
Yes,,Media Type: Email; Queue: RM,Email,"Shared Inbox, Mia Thompson",customer0615@example.com,2026-05-04 15:04:00,0:12:15,Outbound,RM Email,Duplicate,GEN-000615,P5 - 1129000615 - Fire Door Issue,735
Yes,,Media Type: Email; Queue: RM,Email,Initial Handler; Queue Transfer; Brianna Smith,customer0616@example.com,2026-05-22 16:05:00,0:06:02,Outbound,Facilities Email,Completed,GEN-000616,P2 - 1129000616 - Air Conditioner Fault,362
Yes,,Media Type: Email; Queue: RM,Email,RM Shared Mailbox; Olivia Harris,customer0617@example.com,2026-05-08 16:30:00,0:15:25,Inbound,Facilities Email,Completed,GEN-000617,P4 - 1129000617 - Damaged Ceiling Tile,925
Yes,,Media Type: Email; Queue: RM,Email,RM Shared Mailbox; Noah Wilson,customer0618@example.com,2026-05-29 13:10:00,0:17:31,Inbound,Maintenance Email,Transferred,GEN-000618,P3 - 1129000618 - Waste Collection Query,1051
Yes,,Media Type: Email; Queue: RM,Email,Initial Handler; Queue Transfer; Mia Thompson,customer0619@example.com,2026-05-11 11:04:00,0:13:06,Inbound,Maintenance Email,Follow Up Required,GEN-000619,P3 - 1129000619 - Waste Collection Query,786
Yes,,Media Type: Email; Queue: RM,Email,"Shared Inbox, Brianna Smith",customer0620@example.com,2026-05-21 14:19:00,0:11:53,Outbound,Operations Email,Follow Up Required,GEN-000620,P4 - 1129000620 - Lift Fault Reported,713
Yes,,Media Type: Email; Queue: RM,Email,Queue Transfer; Jordan Nguyen,customer0621@example.com,2026-05-30 09:25:00,0:04:26,Outbound,RM Priority Email,Awaiting Customer Response,GEN-000621,P5 - 1129000621 - Damaged Ceiling Tile,266
Yes,,Media Type: Email; Queue: RM,Email,Case Owner; Alex Johnson,customer0622@example.com,2026-05-29 07:03:00,0:16:14,Outbound,RM Email,Follow Up Required,GEN-000622,P5 - 1129000622 - General Maintenance Request,974
Yes,,Media Type: Email; Queue: RM,Email,Emily Carter,customer0623@example.com,2026-05-12 15:11:00,0:08:04,Inbound,Maintenance Email,Transferred,GEN-000623,P1 - 1129000623 - Waste Collection Query,484
Yes,,Media Type: Email; Queue: RM,Email,Case Owner; Noah Wilson,customer0624@example.com,2026-05-01 09:18:00,0:18:12,Inbound,RM Priority Email,Information Provided,GEN-000624,P3 - 1129000624 - Blocked Sink,1092
Yes,,Media Type: Email; Queue: RM,Email,"Shared Inbox, Daniel Lee",customer0625@example.com,2026-05-09 10:41:00,0:12:36,Outbound,RM Email,Awaiting Customer Response,GEN-000625,P4 - 1129000625 - Security Door Fault,756
Yes,,Media Type: Email; Queue: RM,Email,RM Shared Mailbox; Sophie Brown,customer0626@example.com,2026-05-25 15:37:00,0:12:49,Inbound,Maintenance Email,Information Provided,GEN-000626,P5 - 1129000626 - Tap Not Working,769
Yes,,Media Type: Email; Queue: RM,Email,Case Owner; Alex Johnson,customer0627@example.com,2026-05-23 11:12:00,0:16:27,Outbound,Facilities Email,Information Provided,GEN-000627,P3 - 1129000627 - Car Park Lighting Fault,987
Yes,,Media Type: Email; Queue: RM,Email,Initial Handler; Queue Transfer; Ethan Clark,customer0628@example.com,2026-05-24 12:46:00,0:14:16,Inbound,Facilities Email,Awaiting Customer Response,GEN-000628,P3.5 - 1129000628 - Toilet Blockage,856
Yes,,Media Type: Email; Queue: RM,Email,Initial Handler; Queue Transfer; Noah Wilson,customer0629@example.com,2026-05-13 07:11:00,0:09:14,Outbound,Facilities Email,Duplicate,GEN-000629,P4 - 1129000629 - Broken Door Handle,554
Yes,,Media Type: Email; Queue: RM,Email,RM Shared Mailbox; Olivia Harris,customer0630@example.com,2026-05-09 12:32:00,0:04:38,Outbound,Operations Email,Transferred,GEN-000630,P4 - 1129000630 - Heating Issue,278
Yes,,Media Type: Email; Queue: RM,Email,RM Shared Mailbox; Alex Johnson,customer0631@example.com,2026-05-12 08:07:00,0:16:48,Inbound,Facilities Email,Information Provided,GEN-000631,P4 - 1129000631 - External Lighting Fault,1008
Yes,,Media Type: Email; Queue: RM,Email,Queue Transfer; Brianna Smith,customer0632@example.com,2026-05-18 09:28:00,0:17:36,Inbound,Operations Email,Information Provided,GEN-000632,P3 - 1129000632 - External Lighting Fault,1056
Yes,,Media Type: Email; Queue: RM,Email,"Shared Inbox, Ethan Clark",customer0633@example.com,2026-05-29 14:11:00,0:08:06,Outbound,Operations Email,Duplicate,GEN-000633,P4 - 1129000633 - Car Park Lighting Fault,486
Yes,,Media Type: Email; Queue: RM,Email,Case Owner; Ethan Clark,customer0634@example.com,2026-05-19 11:02:00,0:18:10,Inbound,Facilities Email,Duplicate,GEN-000634,P2 - 1129000634 - Air Conditioner Fault,1090
Yes,,Media Type: Email; Queue: RM,Email,"Shared Inbox, Ethan Clark",customer0635@example.com,2026-05-11 12:01:00,0:16:29,Inbound,Maintenance Email,Completed,GEN-000635,P3 - 1129000635 - Broken Door Handle,989
Yes,,Media Type: Email; Queue: RM,Email,"Shared Inbox, Brianna Smith",customer0636@example.com,2026-05-24 10:54:00,0:17:10,Outbound,Operations Email,Follow Up Required,GEN-000636,P1 - 1129000636 - Air Conditioner Fault,1030
Yes,,Media Type: Email; Queue: RM,Email,"Shared Inbox, Grace Taylor",customer0637@example.com,2026-05-19 15:41:00,0:19:24,Inbound,RM Email,Information Provided,GEN-000637,P3 - 1129000637 - Toilet Blockage,1164
Yes,,Media Type: Email; Queue: RM,Email,Queue Transfer; Sophie Brown,customer0638@example.com,2026-05-22 14:07:00,0:04:12,Inbound,RM Email,Completed,GEN-000638,P4 - 1129000638 - Furniture Repair Request,252
Yes,,Media Type: Email; Queue: RM,Email,RM Shared Mailbox; Daniel Lee,customer0639@example.com,2026-05-28 10:47:00,0:10:36,Inbound,Maintenance Email,Awaiting Customer Response,GEN-000639,P4 - 1129000639 - Access Card Issue,636
Yes,,Media Type: Email; Queue: RM,Email,RM Shared Mailbox; Liam Davis,customer0640@example.com,2026-05-20 08:36:00,0:11:55,Outbound,RM Email,Completed,GEN-000640,P4 - 1129000640 - Electrical Fault,715
Yes,,Media Type: Email; Queue: RM,Email,Queue Transfer; Brianna Smith,customer0641@example.com,2026-05-18 07:19:00,0:10:05,Outbound,Maintenance Email,Duplicate,GEN-000641,P3 - 1129000641 - Irrigation Issue,605
Yes,,Media Type: Email; Queue: RM,Email,Jordan Nguyen,customer0642@example.com,2026-05-17 07:03:00,0:04:23,Inbound,RM Priority Email,Duplicate,GEN-000642,P5 - 1129000642 - Roof Leak,263
Yes,,Media Type: Email; Queue: RM,Email,Daniel Lee,customer0643@example.com,2026-05-31 16:06:00,0:14:34,Inbound,Maintenance Email,Transferred,GEN-000643,P2 - 1129000643 - Air Conditioner Fault,874
Yes,,Media Type: Email; Queue: RM,Email,Initial Handler; Queue Transfer; Grace Taylor,customer0644@example.com,2026-05-11 10:48:00,0:16:34,Outbound,Facilities Email,Follow Up Required,GEN-000644,P2 - 1129000644 - Lighting Fault,994
Yes,,Media Type: Email; Queue: RM,Email,RM Shared Mailbox; Olivia Harris,customer0645@example.com,2026-05-03 16:44:00,0:14:57,Inbound,Facilities Email,Completed,GEN-000645,P1 - 1129000645 - Damaged Ceiling Tile,897
Yes,,Media Type: Email; Queue: RM,Email,Queue Transfer; Brianna Smith,customer0646@example.com,2026-05-18 15:12:00,0:18:06,Outbound,Maintenance Email,Duplicate,GEN-000646,P4 - 1129000646 - Grounds Maintenance Request,1086
Yes,,Media Type: Email; Queue: RM,Email,Case Owner; Noah Wilson,customer0647@example.com,2026-05-27 08:03:00,0:04:07,Outbound,Facilities Email,Follow Up Required,GEN-000647,P3.5 - 1129000647 - Fridge Not Working,247
Yes,,Media Type: Email; Queue: RM,Email,"Shared Inbox, Alex Johnson",customer0648@example.com,2026-05-08 08:48:00,0:12:19,Outbound,Maintenance Email,Follow Up Required,GEN-000648,P3.5 - 1129000648 - Irrigation Issue,739
Yes,,Media Type: Email; Queue: RM,Email,Queue Transfer; Noah Wilson,customer0649@example.com,2026-05-28 09:16:00,0:16:01,Inbound,Facilities Email,Transferred,GEN-000649,P2 - 1129000649 - Furniture Repair Request,961
Yes,,Media Type: Email; Queue: RM,Email,Jordan Nguyen,customer0650@example.com,2026-05-11 14:01:00,0:09:16,Outbound,RM Email,Follow Up Required,GEN-000650,P3 - 1129000650 - Electrical Fault,556
Yes,,Media Type: Email; Queue: RM,Email,RM Shared Mailbox; Brianna Smith,customer0651@example.com,2026-05-15 16:59:00,0:10:50,Inbound,RM Email,Transferred,GEN-000651,P4 - 1129000651 - Power Outage,650
Yes,,Media Type: Email; Queue: RM,Email,Initial Handler; Queue Transfer; Brianna Smith,customer0652@example.com,2026-05-02 13:21:00,0:13:16,Outbound,Operations Email,Completed,GEN-000652,P5 - 1129000652 - General Maintenance Request,796
Yes,,Media Type: Email; Queue: RM,Email,RM Shared Mailbox; Brianna Smith,customer0653@example.com,2026-05-26 07:33:00,0:14:12,Outbound,RM Email,Information Provided,GEN-000653,P4 - 1129000653 - Fire Door Issue,852
Yes,,Media Type: Email; Queue: RM,Email,RM Shared Mailbox; Liam Davis,customer0654@example.com,2026-05-17 12:15:00,0:04:19,Inbound,Maintenance Email,Follow Up Required,GEN-000654,P3 - 1129000654 - Lift Fault Reported,259
Yes,,Media Type: Email; Queue: RM,Email,Queue Transfer; Noah Wilson,customer0655@example.com,2026-05-18 10:51:00,0:19:09,Inbound,RM Priority Email,Awaiting Customer Response,GEN-000655,P5 - 1129000655 - Flooring Damage,1149
Yes,,Media Type: Email; Queue: RM,Email,Queue Transfer; Grace Taylor,customer0656@example.com,2026-05-01 15:45:00,0:18:22,Inbound,RM Priority Email,Duplicate,GEN-000656,P4 - 1129000656 - General Maintenance Request,1102
Yes,,Media Type: Email; Queue: RM,Email,"Shared Inbox, Alex Johnson",customer0657@example.com,2026-05-14 10:56:00,0:07:57,Outbound,Maintenance Email,Follow Up Required,GEN-000657,P3 - 1129000657 - Grounds Maintenance Request,477
Yes,,Media Type: Email; Queue: RM,Email,Queue Transfer; Olivia Harris,customer0658@example.com,2026-05-03 10:44:00,0:12:42,Outbound,RM Priority Email,Information Provided,GEN-000658,P2 - 1129000658 - Toilet Blockage,762
Yes,,Media Type: Email; Queue: RM,Email,Initial Handler; Queue Transfer; Sophie Brown,customer0659@example.com,2026-05-31 13:13:00,0:17:12,Outbound,Maintenance Email,Transferred,GEN-000659,P4 - 1129000659 - Damaged Ceiling Tile,1032
Yes,,Media Type: Email; Queue: RM,Email,Case Owner; Emily Carter,customer0660@example.com,2026-05-14 14:17:00,0:17:42,Outbound,Maintenance Email,Completed,GEN-000660,P3.5 - 1129000660 - Irrigation Issue,1062
Yes,,Media Type: Email; Queue: RM,Email,Mia Thompson,customer0661@example.com,2026-05-08 07:03:00,0:04:43,Inbound,Facilities Email,Awaiting Customer Response,GEN-000661,P3 - 1129000661 - Fence Damage,283
Yes,,Media Type: Email; Queue: RM,Email,Queue Transfer; Liam Davis,customer0662@example.com,2026-05-01 09:05:00,0:15:39,Outbound,Maintenance Email,Information Provided,GEN-000662,P3.5 - 1129000662 - Fence Damage,939
Yes,,Media Type: Email; Queue: RM,Email,Initial Handler; Queue Transfer; Liam Davis,customer0663@example.com,2026-05-12 12:29:00,0:07:59,Outbound,Operations Email,Duplicate,GEN-000663,P4 - 1129000663 - Blocked Sink,479
Yes,,Media Type: Email; Queue: RM,Email,RM Shared Mailbox; Brianna Smith,customer0664@example.com,2026-05-24 16:40:00,0:15:52,Outbound,Maintenance Email,Duplicate,GEN-000664,P3 - 1129000664 - Odour In Bathroom,952
Yes,,Media Type: Email; Queue: RM,Email,"Shared Inbox, Ava Robinson",customer0665@example.com,2026-05-25 11:40:00,0:15:52,Outbound,Maintenance Email,Awaiting Customer Response,GEN-000665,P5 - 1129000665 - Grounds Maintenance Request,952
Yes,,Media Type: Email; Queue: RM,Email,Queue Transfer; Noah Wilson,customer0666@example.com,2026-05-20 13:45:00,0:15:25,Outbound,Facilities Email,Duplicate,GEN-000666,P2 - 1129000666 - Kitchen Equipment Fault,925
Yes,,Media Type: Email; Queue: RM,Email,Case Owner; Ava Robinson,customer0667@example.com,2026-05-20 16:40:00,0:06:18,Outbound,Facilities Email,Duplicate,GEN-000667,P5 - 1129000667 - External Lighting Fault,378
Yes,,Media Type: Email; Queue: RM,Email,"Shared Inbox, Mia Thompson",customer0668@example.com,2026-05-06 10:14:00,0:08:32,Outbound,RM Priority Email,Duplicate,GEN-000668,P4 - 1129000668 - Lighting Fault,512
Yes,,Media Type: Email; Queue: RM,Email,Queue Transfer; Alex Johnson,customer0669@example.com,2026-05-07 08:16:00,0:16:30,Inbound,Facilities Email,Completed,GEN-000669,General enquiry - 1129000669 - Fence Damage,990
Yes,,Media Type: Email; Queue: RM,Email,Initial Handler; Queue Transfer; Brianna Smith,customer0670@example.com,2026-05-11 09:33:00,0:18:37,Outbound,Facilities Email,Transferred,GEN-000670,P5 - 1129000670 - After Hours Maintenance Request,1117
Yes,,Media Type: Email; Queue: RM,Email,Case Owner; Emily Carter,customer0671@example.com,2026-05-19 11:34:00,0:11:27,Outbound,RM Email,Awaiting Customer Response,GEN-000671,P5 (within 7 days) - 1129000671 - Hot Water Issue,687
Yes,,Media Type: Email; Queue: RM,Email,Initial Handler; Queue Transfer; Jordan Nguyen,customer0672@example.com,2026-05-04 10:01:00,0:06:26,Outbound,Facilities Email,Completed,GEN-000672,P3 - 1129000672 - Smoke Alarm Fault,386
Yes,,Media Type: Email; Queue: RM,Email,RM Shared Mailbox; Noah Wilson,customer0673@example.com,2026-05-17 14:25:00,0:10:52,Outbound,RM Email,Follow Up Required,GEN-000673,P3.5 - 1129000673 - Water Leak Reported,652
Yes,,Media Type: Email; Queue: RM,Email,Queue Transfer; Emily Carter,customer0674@example.com,2026-05-27 15:08:00,0:10:29,Outbound,RM Email,Completed,GEN-000674,P4 - 1129000674 - Kitchen Equipment Fault,629
Yes,,Media Type: Email; Queue: RM,Email,RM Shared Mailbox; Jordan Nguyen,customer0675@example.com,2026-05-22 12:44:00,0:09:50,Outbound,Operations Email,Information Provided,GEN-000675,P1 - 1129000675 - Pest Control Request,590
Yes,,Media Type: Email; Queue: RM,Email,RM Shared Mailbox; Jordan Nguyen,customer0676@example.com,2026-05-20 14:14:00,0:19:30,Outbound,RM Priority Email,Duplicate,GEN-000676,P3 - 1129000676 - Water Leak Reported,1170
Yes,,Media Type: Email; Queue: RM,Email,Case Owner; Liam Davis,customer0677@example.com,2026-05-05 16:02:00,0:12:58,Inbound,Maintenance Email,Transferred,GEN-000677,P2 - 1129000677 - Furniture Repair Request,778
Yes,,Media Type: Email; Queue: RM,Email,Initial Handler; Queue Transfer; Olivia Harris,customer0678@example.com,2026-05-08 10:08:00,0:13:28,Inbound,RM Priority Email,Follow Up Required,GEN-000678,P2 - 1129000678 - Air Conditioner Fault,808
Yes,,Media Type: Email; Queue: RM,Email,Queue Transfer; Ava Robinson,customer0679@example.com,2026-05-02 09:58:00,0:15:44,Outbound,RM Email,Awaiting Customer Response,GEN-000679,P3 - 1129000679 - Roof Leak,944
Yes,,Media Type: Email; Queue: RM,Email,Case Owner; Lucas Moore,customer0680@example.com,2026-05-08 12:09:00,0:05:15,Inbound,RM Priority Email,Information Provided,GEN-000680,P3 - 1129000680 - Heating Issue,315
Yes,,Media Type: Email; Queue: RM,Email,"Shared Inbox, Chloe Martin",customer0681@example.com,2026-05-25 16:42:00,0:08:48,Outbound,RM Email,Transferred,GEN-000681,P2 - 1129000681 - Air Conditioner Fault,528
Yes,,Media Type: Email; Queue: RM,Email,Initial Handler; Queue Transfer; Jordan Nguyen,customer0682@example.com,2026-05-23 16:03:00,0:09:50,Inbound,RM Email,Information Provided,GEN-000682,P1 - 1129000682 - Drainage Issue,590
Yes,,Media Type: Email; Queue: RM,Email,Queue Transfer; Emily Carter,customer0683@example.com,2026-05-13 16:32:00,0:10:03,Outbound,RM Email,Duplicate,GEN-000683,P3.5 - 1129000683 - Pest Control Request,603
Yes,,Media Type: Email; Queue: RM,Email,Queue Transfer; Daniel Lee,customer0684@example.com,2026-05-19 11:12:00,0:08:12,Outbound,Operations Email,Duplicate,GEN-000684,P2 - 1129000684 - Cleaning Request,492
Yes,,Media Type: Email; Queue: RM,Email,Brianna Smith,customer0685@example.com,2026-05-19 10:48:00,0:09:11,Outbound,RM Priority Email,Follow Up Required,GEN-000685,P3 - 1129000685 - Kitchen Equipment Fault,551
Yes,,Media Type: Email; Queue: RM,Email,Case Owner; Noah Wilson,customer0686@example.com,2026-05-09 09:47:00,0:06:41,Inbound,RM Email,Duplicate,GEN-000686,P5 - 1129000686 - Office Temperature Issue,401
Yes,,Media Type: Email; Queue: RM,Email,Case Owner; Chloe Martin,customer0687@example.com,2026-05-12 16:45:00,0:13:46,Outbound,Maintenance Email,Duplicate,GEN-000687,P3 - 1129000687 - Roof Leak,826
Yes,,Media Type: Email; Queue: RM,Email,Queue Transfer; Brianna Smith,customer0688@example.com,2026-05-11 08:28:00,0:06:33,Inbound,Maintenance Email,Follow Up Required,GEN-000688,General enquiry - 1129000688 - Flooring Damage,393
Yes,,Media Type: Email; Queue: RM,Email,Queue Transfer; Emily Carter,customer0689@example.com,2026-05-28 14:57:00,0:16:53,Outbound,Maintenance Email,Duplicate,GEN-000689,P3.5 - 1129000689 - Graffiti Removal Request,1013
Yes,,Media Type: Email; Queue: RM,Email,"Shared Inbox, Mia Thompson",customer0690@example.com,2026-05-21 16:24:00,0:05:53,Inbound,RM Priority Email,Awaiting Customer Response,GEN-000690,General enquiry - 1129000690 - Graffiti Removal Request,353
Yes,,Media Type: Email; Queue: RM,Email,Queue Transfer; Mia Thompson,customer0691@example.com,2026-05-05 14:19:00,0:16:54,Outbound,Operations Email,Transferred,GEN-000691,P5 - 1129000691 - Drainage Issue,1014
Yes,,Media Type: Email; Queue: RM,Email,Olivia Harris,customer0692@example.com,2026-05-08 15:39:00,0:19:23,Inbound,RM Priority Email,Awaiting Customer Response,GEN-000692,P1 - 1129000692 - Blocked Sink,1163
Yes,,Media Type: Email; Queue: RM,Email,RM Shared Mailbox; Olivia Harris,customer0693@example.com,2026-05-24 10:34:00,0:17:27,Inbound,Maintenance Email,Transferred,GEN-000693,P1 - 1129000693 - Power Outage,1047
Yes,,Media Type: Email; Queue: RM,Email,Case Owner; Sophie Brown,customer0694@example.com,2026-05-30 14:06:00,0:18:12,Outbound,Facilities Email,Follow Up Required,GEN-000694,P3 - 1129000694 - Broken Door Handle,1092
Yes,,Media Type: Email; Queue: RM,Email,RM Shared Mailbox; Daniel Lee,customer0695@example.com,2026-05-25 17:00:00,0:10:13,Inbound,Facilities Email,Follow Up Required,GEN-000695,P4 - 1129000695 - Security Door Fault,613
Yes,,Media Type: Email; Queue: RM,Email,Lucas Moore,customer0696@example.com,2026-05-12 12:30:00,0:07:04,Outbound,Maintenance Email,Transferred,GEN-000696,P1 - 1129000696 - Odour In Bathroom,424
Yes,,Media Type: Email; Queue: RM,Email,"Shared Inbox, Sophie Brown",customer0697@example.com,2026-05-07 13:48:00,0:05:18,Outbound,Operations Email,Duplicate,GEN-000697,P3.5 - 1129000697 - Roof Leak,318
Yes,,Media Type: Email; Queue: RM,Email,Olivia Harris,customer0698@example.com,2026-05-24 10:45:00,0:12:00,Outbound,RM Email,Duplicate,GEN-000698,P3.5 - 1129000698 - Waste Collection Query,720
Yes,,Media Type: Email; Queue: RM,Email,Olivia Harris,customer0699@example.com,2026-05-08 12:43:00,0:10:51,Inbound,Operations Email,Duplicate,GEN-000699,P5 (within 7 days) - 1129000699 - Roof Leak,651
Yes,,Media Type: Email; Queue: RM,Email,Case Owner; Ethan Clark,customer0700@example.com,2026-05-19 14:06:00,0:15:14,Outbound,Operations Email,Awaiting Customer Response,GEN-000700,P4 - 1129000700 - Irrigation Issue,914
Yes,,Media Type: Email; Queue: RM,Email,Queue Transfer; Lucas Moore,customer0701@example.com,2026-05-14 14:55:00,0:16:55,Inbound,RM Email,Transferred,GEN-000701,P2 - 1129000701 - Flooring Damage,1015
Yes,,Media Type: Email; Queue: RM,Email,RM Shared Mailbox; Sophie Brown,customer0702@example.com,2026-05-30 13:30:00,0:05:49,Outbound,Operations Email,Follow Up Required,GEN-000702,P3 - 1129000702 - Electrical Fault,349
Yes,,Media Type: Email; Queue: RM,Email,Initial Handler; Queue Transfer; Sophie Brown,customer0703@example.com,2026-05-05 11:13:00,0:12:59,Outbound,Facilities Email,Transferred,GEN-000703,P3 - 1129000703 - External Lighting Fault,779
Yes,,Media Type: Email; Queue: RM,Email,RM Shared Mailbox; Alex Johnson,customer0704@example.com,2026-05-02 13:27:00,0:11:34,Outbound,Operations Email,Duplicate,GEN-000704,P3.5 - 1129000704 - Pest Control Request,694
Yes,,Media Type: Email; Queue: RM,Email,Case Owner; Chloe Martin,customer0705@example.com,2026-05-27 14:08:00,0:14:00,Inbound,Facilities Email,Information Provided,GEN-000705,P5 - 1129000705 - Car Park Lighting Fault,840
Yes,,Media Type: Email; Queue: RM,Email,"Shared Inbox, Daniel Lee",customer0706@example.com,2026-05-01 07:20:00,0:12:45,Inbound,Maintenance Email,Duplicate,GEN-000706,P2 - 1129000706 - Pest Control Request,765
Yes,,Media Type: Email; Queue: RM,Email,"Shared Inbox, Emily Carter",customer0707@example.com,2026-05-30 14:56:00,0:19:22,Inbound,Maintenance Email,Transferred,GEN-000707,P5 - 1129000707 - Damaged Ceiling Tile,1162
Yes,,Media Type: Email; Queue: RM,Email,Noah Wilson,customer0708@example.com,2026-05-07 11:32:00,0:10:24,Outbound,Maintenance Email,Information Provided,GEN-000708,P3 - 1129000708 - Grounds Maintenance Request,624
Yes,,Media Type: Email; Queue: RM,Email,RM Shared Mailbox; Emily Carter,customer0709@example.com,2026-05-06 16:32:00,0:19:08,Inbound,Maintenance Email,Awaiting Customer Response,GEN-000709,P3 - 1129000709 - Kitchen Equipment Fault,1148
Yes,,Media Type: Email; Queue: RM,Email,Ava Robinson,customer0710@example.com,2026-05-28 09:45:00,0:19:25,Outbound,Maintenance Email,Duplicate,GEN-000710,P5 - 1129000710 - Smoke Alarm Fault,1165
Yes,,Media Type: Email; Queue: RM,Email,Chloe Martin,customer0711@example.com,2026-05-05 13:41:00,0:14:49,Outbound,Operations Email,Duplicate,GEN-000711,P2 - 1129000711 - Broken Door Handle,889
Yes,,Media Type: Email; Queue: RM,Email,Queue Transfer; Noah Wilson,customer0712@example.com,2026-05-10 13:25:00,0:05:17,Inbound,Operations Email,Duplicate,GEN-000712,P3 - 1129000712 - Electrical Fault,317
Yes,,Media Type: Email; Queue: RM,Email,"Shared Inbox, Daniel Lee",customer0713@example.com,2026-05-20 10:16:00,0:04:01,Inbound,Facilities Email,Follow Up Required,GEN-000713,P3.5 - 1129000713 - Toilet Blockage,241
Yes,,Media Type: Email; Queue: RM,Email,Sophie Brown,customer0714@example.com,2026-05-14 15:28:00,0:15:31,Inbound,Facilities Email,Information Provided,GEN-000714,P5 - 1129000714 - Graffiti Removal Request,931
Yes,,Media Type: Email; Queue: RM,Email,"Shared Inbox, Chloe Martin",customer0715@example.com,2026-05-27 13:50:00,0:07:10,Inbound,Maintenance Email,Awaiting Customer Response,GEN-000715,P5 - 1129000715 - Electrical Fault,430
Yes,,Media Type: Email; Queue: RM,Email,Mia Thompson,customer0716@example.com,2026-05-21 12:42:00,0:12:20,Outbound,RM Email,Follow Up Required,GEN-000716,P3 - 1129000716 - Blocked Drain,740
Yes,,Media Type: Email; Queue: RM,Email,Case Owner; Lucas Moore,customer0717@example.com,2026-05-09 11:50:00,0:13:32,Inbound,Operations Email,Follow Up Required,GEN-000717,P3.5 - 1129000717 - Security Door Fault,812
Yes,,Media Type: Email; Queue: RM,Email,Initial Handler; Queue Transfer; Noah Wilson,customer0718@example.com,2026-05-16 09:57:00,0:13:06,Outbound,RM Priority Email,Duplicate,GEN-000718,P3 - 1129000718 - Flooring Damage,786
Yes,,Media Type: Email; Queue: RM,Email,Case Owner; Lucas Moore,customer0719@example.com,2026-05-10 11:00:00,0:04:48,Inbound,Maintenance Email,Duplicate,GEN-000719,P4 - 1129000719 - Damaged Ceiling Tile,288
Yes,,Media Type: Email; Queue: RM,Email,Queue Transfer; Emily Carter,customer0720@example.com,2026-05-10 08:41:00,0:07:54,Outbound,Facilities Email,Completed,GEN-000720,P5 - 1129000720 - Water Leak Reported,474
Yes,,Media Type: Email; Queue: RM,Email,Noah Wilson,customer0721@example.com,2026-05-18 14:05:00,0:12:08,Outbound,Maintenance Email,Information Provided,GEN-000721,P3 - 1129000721 - Odour In Bathroom,728
Yes,,Media Type: Email; Queue: RM,Email,RM Shared Mailbox; Lucas Moore,customer0722@example.com,2026-05-24 12:18:00,0:09:18,Inbound,Maintenance Email,Completed,GEN-000722,P2 - 1129000722 - Irrigation Issue,558
Yes,,Media Type: Email; Queue: RM,Email,Initial Handler; Queue Transfer; Ethan Clark,customer0723@example.com,2026-05-02 15:01:00,0:11:34,Outbound,Operations Email,Completed,GEN-000723,P4 - 1129000723 - Pest Control Request,694
Yes,,Media Type: Email; Queue: RM,Email,"Shared Inbox, Mia Thompson",customer0724@example.com,2026-05-20 14:00:00,0:11:29,Outbound,Maintenance Email,Transferred,GEN-000724,P1 - 1129000724 - Broken Door Handle,689
Yes,,Media Type: Email; Queue: RM,Email,RM Shared Mailbox; Daniel Lee,customer0725@example.com,2026-05-11 11:15:00,0:17:02,Inbound,RM Email,Completed,GEN-000725,P1 - 1129000725 - Fridge Not Working,1022
Yes,,Media Type: Email; Queue: RM,Email,Initial Handler; Queue Transfer; Ava Robinson,customer0726@example.com,2026-05-01 07:16:00,0:19:19,Outbound,RM Email,Transferred,GEN-000726,P3 - 1129000726 - Grounds Maintenance Request,1159
Yes,,Media Type: Email; Queue: RM,Email,Queue Transfer; Ava Robinson,customer0727@example.com,2026-05-07 14:09:00,0:06:37,Outbound,RM Email,Information Provided,GEN-000727,P3.5 - 1129000727 - Smoke Alarm Fault,397
Yes,,Media Type: Email; Queue: RM,Email,RM Shared Mailbox; Mia Thompson,customer0728@example.com,2026-05-08 14:16:00,0:06:50,Outbound,Maintenance Email,Duplicate,GEN-000728,P3 - 1129000728 - Furniture Repair Request,410
Yes,,Media Type: Email; Queue: RM,Email,Grace Taylor,customer0729@example.com,2026-05-28 07:46:00,0:18:10,Outbound,Maintenance Email,Awaiting Customer Response,GEN-000729,P3 - 1129000729 - Blocked Drain,1090
Yes,,Media Type: Email; Queue: RM,Email,Initial Handler; Queue Transfer; Emily Carter,customer0730@example.com,2026-05-06 13:34:00,0:04:41,Outbound,Facilities Email,Duplicate,GEN-000730,P3 - 1129000730 - Flooring Damage,281
Yes,,Media Type: Email; Queue: RM,Email,Brianna Smith,customer0731@example.com,2026-05-01 15:36:00,0:18:56,Inbound,RM Email,Duplicate,GEN-000731,P1 - 1129000731 - Damaged Ceiling Tile,1136
Yes,,Media Type: Email; Queue: RM,Email,RM Shared Mailbox; Mia Thompson,customer0732@example.com,2026-05-03 08:38:00,0:09:55,Inbound,RM Email,Transferred,GEN-000732,P4 - 1129000732 - Car Park Lighting Fault,595
Yes,,Media Type: Email; Queue: RM,Email,Queue Transfer; Ethan Clark,customer0733@example.com,2026-05-26 10:29:00,0:08:16,Outbound,Maintenance Email,Follow Up Required,GEN-000733,P3 - 1129000733 - Pest Control Request,496
Yes,,Media Type: Email; Queue: RM,Email,Daniel Lee,customer0734@example.com,2026-05-04 11:13:00,0:05:48,Outbound,RM Priority Email,Completed,GEN-000734,P3 - 1129000734 - Fire Door Issue,348
Yes,,Media Type: Email; Queue: RM,Email,"Shared Inbox, Olivia Harris",customer0735@example.com,2026-05-04 08:15:00,0:19:47,Outbound,Maintenance Email,Information Provided,GEN-000735,P5 - 1129000735 - General Maintenance Request,1187
Yes,,Media Type: Email; Queue: RM,Email,Emily Carter,customer0736@example.com,2026-05-15 08:18:00,0:19:03,Outbound,RM Priority Email,Duplicate,GEN-000736,P5 - 1129000736 - Blocked Sink,1143
Yes,,Media Type: Email; Queue: RM,Email,"Shared Inbox, Ava Robinson",customer0737@example.com,2026-05-28 13:06:00,0:06:26,Inbound,RM Email,Information Provided,GEN-000737,P5 (within 7 days) - 1129000737 - Security Door Fault,386
Yes,,Media Type: Email; Queue: RM,Email,Initial Handler; Queue Transfer; Sophie Brown,customer0738@example.com,2026-05-30 09:15:00,0:08:48,Inbound,Maintenance Email,Follow Up Required,GEN-000738,P3 - 1129000738 - Signage Repair Request,528
Yes,,Media Type: Email; Queue: RM,Email,Queue Transfer; Ava Robinson,customer0739@example.com,2026-05-17 11:52:00,0:07:30,Outbound,Maintenance Email,Transferred,GEN-000739,P3 - 1129000739 - Power Outage,450
Yes,,Media Type: Email; Queue: RM,Email,Case Owner; Brianna Smith,customer0740@example.com,2026-05-18 08:29:00,0:12:38,Inbound,RM Priority Email,Duplicate,GEN-000740,P4 - 1129000740 - Access Card Issue,758
Yes,,Media Type: Email; Queue: RM,Email,Case Owner; Noah Wilson,customer0741@example.com,2026-05-04 08:16:00,0:07:20,Inbound,Maintenance Email,Information Provided,GEN-000741,P3 - 1129000741 - After Hours Maintenance Request,440
Yes,,Media Type: Email; Queue: RM,Email,Case Owner; Brianna Smith,customer0742@example.com,2026-05-03 09:30:00,0:15:27,Outbound,Facilities Email,Awaiting Customer Response,GEN-000742,P3 - 1129000742 - Fence Damage,927
Yes,,Media Type: Email; Queue: RM,Email,Brianna Smith,customer0743@example.com,2026-05-28 13:36:00,0:15:18,Outbound,Operations Email,Duplicate,GEN-000743,P5 - 1129000743 - Graffiti Removal Request,918
Yes,,Media Type: Email; Queue: RM,Email,"Shared Inbox, Mia Thompson",customer0744@example.com,2026-05-23 14:48:00,0:10:54,Inbound,RM Priority Email,Transferred,GEN-000744,P3 - 1129000744 - Waste Collection Query,654
Yes,,Media Type: Email; Queue: RM,Email,Queue Transfer; Chloe Martin,customer0745@example.com,2026-05-21 14:13:00,0:14:43,Inbound,RM Email,Duplicate,GEN-000745,P4 - 1129000745 - Irrigation Issue,883
Yes,,Media Type: Email; Queue: RM,Email,Case Owner; Olivia Harris,customer0746@example.com,2026-05-23 12:40:00,0:13:42,Inbound,Operations Email,Duplicate,GEN-000746,P3 - 1129000746 - Fire Door Issue,822
Yes,,Media Type: Email; Queue: RM,Email,Initial Handler; Queue Transfer; Emily Carter,customer0747@example.com,2026-05-11 10:02:00,0:05:42,Inbound,Maintenance Email,Duplicate,GEN-000747,P3 - 1129000747 - Window Repair Request,342
Yes,,Media Type: Email; Queue: RM,Email,Queue Transfer; Chloe Martin,customer0748@example.com,2026-05-30 13:57:00,0:05:46,Outbound,Maintenance Email,Information Provided,GEN-000748,P4 - 1129000748 - Kitchen Equipment Fault,346
Yes,,Media Type: Email; Queue: RM,Email,Queue Transfer; Alex Johnson,customer0749@example.com,2026-05-14 11:41:00,0:13:18,Outbound,Facilities Email,Information Provided,GEN-000749,P3 - 1129000749 - Access Card Issue,798
Yes,,Media Type: Email; Queue: RM,Email,Queue Transfer; Brianna Smith,customer0750@example.com,2026-05-27 13:37:00,0:17:48,Inbound,Maintenance Email,Awaiting Customer Response,GEN-000750,P3 - 1129000750 - Water Leak Reported,1068
Yes,,Media Type: Email; Queue: RM,Email,Queue Transfer; Mia Thompson,customer0751@example.com,2026-05-05 10:52:00,0:19:15,Inbound,Maintenance Email,Transferred,GEN-000751,P3 - 1129000751 - Flooring Damage,1155
Yes,,Media Type: Email; Queue: RM,Email,Queue Transfer; Lucas Moore,customer0752@example.com,2026-05-11 08:23:00,0:16:31,Outbound,RM Email,Transferred,GEN-000752,P3 - 1129000752 - Fire Door Issue,991
Yes,,Media Type: Email; Queue: RM,Email,Queue Transfer; Ava Robinson,customer0753@example.com,2026-05-04 13:42:00,0:18:09,Outbound,RM Email,Follow Up Required,GEN-000753,P3 - 1129000753 - Car Park Lighting Fault,1089
Yes,,Media Type: Email; Queue: RM,Email,RM Shared Mailbox; Liam Davis,customer0754@example.com,2026-05-23 15:39:00,0:06:42,Inbound,Maintenance Email,Follow Up Required,GEN-000754,P2 - 1129000754 - Cleaning Request,402
Yes,,Media Type: Email; Queue: RM,Email,Emily Carter,customer0755@example.com,2026-05-27 14:01:00,0:04:49,Outbound,RM Email,Awaiting Customer Response,GEN-000755,P5 - 1129000755 - Blocked Drain,289
Yes,,Media Type: Email; Queue: RM,Email,Initial Handler; Queue Transfer; Liam Davis,customer0756@example.com,2026-05-01 08:19:00,0:10:43,Outbound,Maintenance Email,Awaiting Customer Response,GEN-000756,P3 - 1129000756 - Kitchen Equipment Fault,643
Yes,,Media Type: Email; Queue: RM,Email,Queue Transfer; Sophie Brown,customer0757@example.com,2026-05-03 11:22:00,0:06:58,Outbound,Operations Email,Completed,GEN-000757,P4 - 1129000757 - Pest Control Request,418
Yes,,Media Type: Email; Queue: RM,Email,RM Shared Mailbox; Grace Taylor,customer0758@example.com,2026-05-15 16:56:00,0:16:23,Outbound,Facilities Email,Awaiting Customer Response,GEN-000758,P4 - 1129000758 - Grounds Maintenance Request,983
Yes,,Media Type: Email; Queue: RM,Email,RM Shared Mailbox; Mia Thompson,customer0759@example.com,2026-05-08 09:49:00,0:17:32,Outbound,RM Email,Completed,GEN-000759,P2 - 1129000759 - Flooring Damage,1052
Yes,,Media Type: Email; Queue: RM,Email,Initial Handler; Queue Transfer; Noah Wilson,customer0760@example.com,2026-05-20 12:25:00,0:17:29,Outbound,Operations Email,Completed,GEN-000760,P4 - 1129000760 - Waste Collection Query,1049
Yes,,Media Type: Email; Queue: RM,Email,"Shared Inbox, Emily Carter",customer0761@example.com,2026-05-11 13:03:00,0:16:37,Outbound,Operations Email,Follow Up Required,GEN-000761,P5 - 1129000761 - Power Outage,997
Yes,,Media Type: Email; Queue: RM,Email,Liam Davis,customer0762@example.com,2026-05-13 11:53:00,0:11:19,Outbound,Facilities Email,Transferred,GEN-000762,P3.5 - 1129000762 - Grounds Maintenance Request,679
Yes,,Media Type: Email; Queue: RM,Email,Queue Transfer; Sophie Brown,customer0763@example.com,2026-05-07 07:19:00,0:10:25,Outbound,Maintenance Email,Follow Up Required,GEN-000763,P3 - 1129000763 - Access Card Issue,625
Yes,,Media Type: Email; Queue: RM,Email,"Shared Inbox, Chloe Martin",customer0764@example.com,2026-05-20 16:17:00,0:05:51,Outbound,RM Priority Email,Transferred,GEN-000764,P2 - 1129000764 - Odour In Bathroom,351
Yes,,Media Type: Email; Queue: RM,Email,Liam Davis,customer0765@example.com,2026-05-14 13:04:00,0:11:53,Outbound,Facilities Email,Transferred,GEN-000765,P4 - 1129000765 - Heating Issue,713
Yes,,Media Type: Email; Queue: RM,Email,Queue Transfer; Grace Taylor,customer0766@example.com,2026-05-09 12:10:00,0:16:12,Outbound,RM Priority Email,Information Provided,GEN-000766,P5 (within 7 days) - 1129000766 - Flooring Damage,972
Yes,,Media Type: Email; Queue: RM,Email,Case Owner; Brianna Smith,customer0767@example.com,2026-05-23 14:04:00,0:08:18,Outbound,Operations Email,Duplicate,GEN-000767,P5 - 1129000767 - General Maintenance Request,498
Yes,,Media Type: Email; Queue: RM,Email,Initial Handler; Queue Transfer; Liam Davis,customer0768@example.com,2026-05-25 13:04:00,0:04:01,Inbound,Operations Email,Duplicate,GEN-000768,P4 - 1129000768 - Lighting Fault,241
Yes,,Media Type: Email; Queue: RM,Email,Initial Handler; Queue Transfer; Liam Davis,customer0769@example.com,2026-05-02 10:23:00,0:14:18,Inbound,Operations Email,Transferred,GEN-000769,P3 - 1129000769 - Waste Collection Query,858
Yes,,Media Type: Email; Queue: RM,Email,Case Owner; Olivia Harris,customer0770@example.com,2026-05-28 13:34:00,0:09:20,Outbound,Maintenance Email,Duplicate,GEN-000770,P5 (within 7 days) - 1129000770 - Drainage Issue,560
Yes,,Media Type: Email; Queue: RM,Email,Jordan Nguyen,customer0771@example.com,2026-05-13 08:27:00,0:12:53,Inbound,Maintenance Email,Transferred,GEN-000771,P2 - 1129000771 - Hot Water Issue,773
Yes,,Media Type: Email; Queue: RM,Email,Initial Handler; Queue Transfer; Lucas Moore,customer0772@example.com,2026-05-07 10:55:00,0:04:20,Inbound,Maintenance Email,Information Provided,GEN-000772,P3.5 - 1129000772 - Access Card Issue,260
Yes,,Media Type: Email; Queue: RM,Email,"Shared Inbox, Chloe Martin",customer0773@example.com,2026-05-04 09:11:00,0:06:02,Inbound,Maintenance Email,Transferred,GEN-000773,P2 - 1129000773 - Grounds Maintenance Request,362
Yes,,Media Type: Email; Queue: RM,Email,Queue Transfer; Liam Davis,customer0774@example.com,2026-05-20 16:58:00,0:09:00,Inbound,Operations Email,Follow Up Required,GEN-000774,P4 - 1129000774 - Broken Door Handle,540
Yes,,Media Type: Email; Queue: RM,Email,Initial Handler; Queue Transfer; Noah Wilson,customer0775@example.com,2026-05-24 16:48:00,0:16:53,Inbound,RM Priority Email,Duplicate,GEN-000775,P5 - 1129000775 - After Hours Maintenance Request,1013
Yes,,Media Type: Email; Queue: RM,Email,Initial Handler; Queue Transfer; Mia Thompson,customer0776@example.com,2026-05-25 09:32:00,0:09:39,Inbound,RM Priority Email,Information Provided,GEN-000776,P3 - 1129000776 - Signage Repair Request,579
Yes,,Media Type: Email; Queue: RM,Email,"Shared Inbox, Chloe Martin",customer0777@example.com,2026-05-05 15:43:00,0:06:34,Outbound,Operations Email,Information Provided,GEN-000777,P5 (within 7 days) - 1129000777 - Blocked Drain,394
Yes,,Media Type: Email; Queue: RM,Email,"Shared Inbox, Olivia Harris",customer0778@example.com,2026-05-05 11:13:00,0:07:00,Inbound,RM Priority Email,Information Provided,GEN-000778,P3 - 1129000778 - Blocked Sink,420
Yes,,Media Type: Email; Queue: RM,Email,Alex Johnson,customer0779@example.com,2026-05-14 16:37:00,0:16:45,Outbound,Maintenance Email,Follow Up Required,GEN-000779,P3.5 - 1129000779 - Lift Fault Reported,1005
Yes,,Media Type: Email; Queue: RM,Email,"Shared Inbox, Noah Wilson",customer0780@example.com,2026-05-21 10:18:00,0:16:34,Inbound,Operations Email,Information Provided,GEN-000780,P3 - 1129000780 - Window Repair Request,994
Yes,,Media Type: Email; Queue: RM,Email,Initial Handler; Queue Transfer; Brianna Smith,customer0781@example.com,2026-05-08 07:34:00,0:14:52,Inbound,Maintenance Email,Duplicate,GEN-000781,P4 - 1129000781 - Office Temperature Issue,892
Yes,,Media Type: Email; Queue: RM,Email,Queue Transfer; Brianna Smith,customer0782@example.com,2026-05-15 16:22:00,0:04:32,Inbound,Operations Email,Completed,GEN-000782,P2 - 1129000782 - Cleaning Request,272
Yes,,Media Type: Email; Queue: RM,Email,RM Shared Mailbox; Jordan Nguyen,customer0783@example.com,2026-05-18 11:41:00,0:09:08,Inbound,Operations Email,Duplicate,GEN-000783,P5 - 1129000783 - Odour In Bathroom,548
Yes,,Media Type: Email; Queue: RM,Email,Case Owner; Lucas Moore,customer0784@example.com,2026-05-30 13:57:00,0:14:49,Outbound,Facilities Email,Completed,GEN-000784,P4 - 1129000784 - Electrical Fault,889
Yes,,Media Type: Email; Queue: RM,Email,RM Shared Mailbox; Noah Wilson,customer0785@example.com,2026-05-29 13:50:00,0:08:50,Inbound,Facilities Email,Information Provided,GEN-000785,P5 - 1129000785 - Door Lock Not Working,530
Yes,,Media Type: Email; Queue: RM,Email,Case Owner; Noah Wilson,customer0786@example.com,2026-05-11 08:45:00,0:13:30,Inbound,Maintenance Email,Follow Up Required,GEN-000786,P5 - 1129000786 - Cleaning Request,810
Yes,,Media Type: Email; Queue: RM,Email,RM Shared Mailbox; Liam Davis,customer0787@example.com,2026-05-13 09:01:00,0:05:11,Inbound,Operations Email,Awaiting Customer Response,GEN-000787,P5 - 1129000787 - Kitchen Equipment Fault,311
Yes,,Media Type: Email; Queue: RM,Email,"Shared Inbox, Emily Carter",customer0788@example.com,2026-05-19 13:53:00,0:19:13,Inbound,Facilities Email,Follow Up Required,GEN-000788,P2 - 1129000788 - Hot Water Issue,1153
Yes,,Media Type: Email; Queue: RM,Email,Initial Handler; Queue Transfer; Olivia Harris,customer0789@example.com,2026-05-21 07:49:00,0:13:04,Outbound,RM Priority Email,Follow Up Required,GEN-000789,P2 - 1129000789 - Smoke Alarm Fault,784
Yes,,Media Type: Email; Queue: RM,Email,Grace Taylor,customer0790@example.com,2026-05-04 11:48:00,0:12:55,Inbound,Operations Email,Completed,GEN-000790,P3 - 1129000790 - Lighting Fault,775
Yes,,Media Type: Email; Queue: RM,Email,Grace Taylor,customer0791@example.com,2026-05-29 09:01:00,0:07:26,Inbound,Operations Email,Information Provided,GEN-000791,P1 - 1129000791 - Blocked Sink,446
Yes,,Media Type: Email; Queue: RM,Email,Initial Handler; Queue Transfer; Sophie Brown,customer0792@example.com,2026-05-03 13:24:00,0:05:33,Inbound,RM Priority Email,Follow Up Required,GEN-000792,P2 - 1129000792 - Office Temperature Issue,333
Yes,,Media Type: Email; Queue: RM,Email,RM Shared Mailbox; Olivia Harris,customer0793@example.com,2026-05-22 08:12:00,0:13:06,Outbound,Maintenance Email,Transferred,GEN-000793,P3 - 1129000793 - Fire Door Issue,786
Yes,,Media Type: Email; Queue: RM,Email,Case Owner; Mia Thompson,customer0794@example.com,2026-05-12 09:39:00,0:11:47,Outbound,Facilities Email,Awaiting Customer Response,GEN-000794,P3 - 1129000794 - Air Conditioner Fault,707
Yes,,Media Type: Email; Queue: RM,Email,Queue Transfer; Daniel Lee,customer0795@example.com,2026-05-08 08:09:00,0:13:09,Outbound,RM Email,Follow Up Required,GEN-000795,P3 - 1129000795 - Smoke Alarm Fault,789
Yes,,Media Type: Email; Queue: RM,Email,Liam Davis,customer0796@example.com,2026-05-17 07:43:00,0:05:51,Inbound,Facilities Email,Completed,GEN-000796,P2 - 1129000796 - Access Card Issue,351
Yes,,Media Type: Email; Queue: RM,Email,Case Owner; Mia Thompson,customer0797@example.com,2026-05-01 16:39:00,0:11:15,Inbound,RM Priority Email,Duplicate,GEN-000797,P3 - 1129000797 - Toilet Blockage,675
Yes,,Media Type: Email; Queue: RM,Email,RM Shared Mailbox; Alex Johnson,customer0798@example.com,2026-05-15 15:18:00,0:08:48,Inbound,Operations Email,Duplicate,GEN-000798,P4 - 1129000798 - Fridge Not Working,528
Yes,,Media Type: Email; Queue: RM,Email,"Shared Inbox, Chloe Martin",customer0799@example.com,2026-05-10 15:39:00,0:19:14,Inbound,RM Priority Email,Transferred,GEN-000799,P3 - 1129000799 - General Maintenance Request,1154
Yes,,Media Type: Email; Queue: RM,Email,Case Owner; Daniel Lee,customer0800@example.com,2026-05-28 13:24:00,0:16:38,Inbound,RM Email,Awaiting Customer Response,GEN-000800,P3 - 1129000800 - Waste Collection Query,998
Yes,,Media Type: Email; Queue: RM,Email,Initial Handler; Queue Transfer; Emily Carter,customer0801@example.com,2026-05-11 14:54:00,0:19:43,Inbound,Operations Email,Awaiting Customer Response,GEN-000801,P4 - 1129000801 - Fence Damage,1183
Yes,,Media Type: Email; Queue: RM,Email,Case Owner; Ethan Clark,customer0802@example.com,2026-05-06 11:06:00,0:08:02,Inbound,RM Priority Email,Transferred,GEN-000802,P2 - 1129000802 - Door Lock Not Working,482
Yes,,Media Type: Email; Queue: RM,Email,Ethan Clark,customer0803@example.com,2026-05-21 13:51:00,0:13:05,Outbound,Operations Email,Awaiting Customer Response,GEN-000803,P3 - 1129000803 - Signage Repair Request,785
Yes,,Media Type: Email; Queue: RM,Email,RM Shared Mailbox; Daniel Lee,customer0804@example.com,2026-05-03 08:02:00,0:13:23,Inbound,Maintenance Email,Duplicate,GEN-000804,P3.5 - 1129000804 - Hot Water Issue,803
Yes,,Media Type: Email; Queue: RM,Email,Case Owner; Chloe Martin,customer0805@example.com,2026-05-27 11:25:00,0:12:06,Outbound,RM Priority Email,Completed,GEN-000805,P2 - 1129000805 - Odour In Bathroom,726
Yes,,Media Type: Email; Queue: RM,Email,RM Shared Mailbox; Jordan Nguyen,customer0806@example.com,2026-05-18 16:45:00,0:07:13,Outbound,RM Priority Email,Information Provided,GEN-000806,P3 - 1129000806 - External Lighting Fault,433
Yes,,Media Type: Email; Queue: RM,Email,RM Shared Mailbox; Noah Wilson,customer0807@example.com,2026-05-03 12:42:00,0:10:41,Inbound,RM Email,Transferred,GEN-000807,P2 - 1129000807 - Lighting Fault,641
Yes,,Media Type: Email; Queue: RM,Email,Case Owner; Olivia Harris,customer0808@example.com,2026-05-03 13:46:00,0:12:41,Inbound,RM Priority Email,Transferred,GEN-000808,P3.5 - 1129000808 - Furniture Repair Request,761
Yes,,Media Type: Email; Queue: RM,Email,Initial Handler; Queue Transfer; Lucas Moore,customer0809@example.com,2026-05-23 15:22:00,0:18:05,Outbound,Facilities Email,Completed,GEN-000809,P4 - 1129000809 - Broken Door Handle,1085
Yes,,Media Type: Email; Queue: RM,Email,Initial Handler; Queue Transfer; Brianna Smith,customer0810@example.com,2026-05-08 11:33:00,0:06:14,Inbound,RM Email,Information Provided,GEN-000810,P3 - 1129000810 - Kitchen Equipment Fault,374
Yes,,Media Type: Email; Queue: RM,Email,Daniel Lee,customer0811@example.com,2026-05-06 08:36:00,0:06:13,Inbound,Operations Email,Awaiting Customer Response,GEN-000811,P3 - 1129000811 - Car Park Lighting Fault,373
Yes,,Media Type: Email; Queue: RM,Email,RM Shared Mailbox; Lucas Moore,customer0812@example.com,2026-05-25 14:11:00,0:19:09,Outbound,Facilities Email,Duplicate,GEN-000812,P4 - 1129000812 - Fence Damage,1149
Yes,,Media Type: Email; Queue: RM,Email,"Shared Inbox, Lucas Moore",customer0813@example.com,2026-05-27 13:42:00,0:06:34,Outbound,RM Priority Email,Duplicate,GEN-000813,P3 - 1129000813 - Toilet Blockage,394
Yes,,Media Type: Email; Queue: RM,Email,Case Owner; Ava Robinson,customer0814@example.com,2026-05-28 16:58:00,0:07:47,Outbound,Maintenance Email,Follow Up Required,GEN-000814,P2 - 1129000814 - Waste Collection Query,467
Yes,,Media Type: Email; Queue: RM,Email,Initial Handler; Queue Transfer; Chloe Martin,customer0815@example.com,2026-05-08 16:29:00,0:16:42,Outbound,Operations Email,Follow Up Required,GEN-000815,P3 - 1129000815 - Hot Water Issue,1002
Yes,,Media Type: Email; Queue: RM,Email,Initial Handler; Queue Transfer; Ethan Clark,customer0816@example.com,2026-05-21 15:46:00,0:07:32,Outbound,RM Priority Email,Completed,GEN-000816,P3 - 1129000816 - Car Park Lighting Fault,452
Yes,,Media Type: Email; Queue: RM,Email,Lucas Moore,customer0817@example.com,2026-05-22 16:19:00,0:05:53,Outbound,RM Priority Email,Follow Up Required,GEN-000817,P5 - 1129000817 - Water Leak Reported,353
Yes,,Media Type: Email; Queue: RM,Email,Queue Transfer; Liam Davis,customer0818@example.com,2026-05-09 12:01:00,0:11:46,Outbound,Operations Email,Completed,GEN-000818,P3 - 1129000818 - Water Leak Reported,706
Yes,,Media Type: Email; Queue: RM,Email,Chloe Martin,customer0819@example.com,2026-05-04 09:54:00,0:09:29,Inbound,Maintenance Email,Transferred,GEN-000819,P4 - 1129000819 - Water Leak Reported,569
Yes,,Media Type: Email; Queue: RM,Email,RM Shared Mailbox; Liam Davis,customer0820@example.com,2026-05-20 09:49:00,0:19:04,Inbound,Operations Email,Transferred,GEN-000820,P4 - 1129000820 - Roof Leak,1144
Yes,,Media Type: Email; Queue: RM,Email,Case Owner; Noah Wilson,customer0821@example.com,2026-05-12 10:35:00,0:06:20,Inbound,Maintenance Email,Information Provided,GEN-000821,P4 - 1129000821 - Electrical Fault,380
Yes,,Media Type: Email; Queue: RM,Email,Initial Handler; Queue Transfer; Ava Robinson,customer0822@example.com,2026-05-14 11:21:00,0:13:30,Outbound,Operations Email,Information Provided,GEN-000822,P3 - 1129000822 - Cleaning Request,810
Yes,,Media Type: Email; Queue: RM,Email,Alex Johnson,customer0823@example.com,2026-05-06 15:47:00,0:18:51,Outbound,RM Priority Email,Duplicate,GEN-000823,P3.5 - 1129000823 - Smoke Alarm Fault,1131
Yes,,Media Type: Email; Queue: RM,Email,Initial Handler; Queue Transfer; Grace Taylor,customer0824@example.com,2026-05-03 10:25:00,0:16:00,Inbound,RM Email,Information Provided,GEN-000824,P4 - 1129000824 - Graffiti Removal Request,960
Yes,,Media Type: Email; Queue: RM,Email,"Shared Inbox, Grace Taylor",customer0825@example.com,2026-05-09 07:44:00,0:18:39,Inbound,Maintenance Email,Follow Up Required,GEN-000825,P4 - 1129000825 - Security Door Fault,1119
Yes,,Media Type: Email; Queue: RM,Email,Case Owner; Jordan Nguyen,customer0826@example.com,2026-05-22 15:45:00,0:09:29,Inbound,RM Priority Email,Duplicate,GEN-000826,P5 (within 7 days) - 1129000826 - Air Conditioner Fault,569
Yes,,Media Type: Email; Queue: RM,Email,Grace Taylor,customer0827@example.com,2026-05-09 07:29:00,0:19:26,Outbound,RM Priority Email,Duplicate,GEN-000827,P4 - 1129000827 - Water Leak Reported,1166
Yes,,Media Type: Email; Queue: RM,Email,"Shared Inbox, Liam Davis",customer0828@example.com,2026-05-12 08:45:00,0:14:33,Outbound,Operations Email,Transferred,GEN-000828,P5 (within 7 days) - 1129000828 - Blocked Sink,873
Yes,,Media Type: Email; Queue: RM,Email,Initial Handler; Queue Transfer; Liam Davis,customer0829@example.com,2026-05-29 15:10:00,0:19:29,Outbound,Facilities Email,Follow Up Required,GEN-000829,P2 - 1129000829 - Roof Leak,1169
Yes,,Media Type: Email; Queue: RM,Email,"Shared Inbox, Ethan Clark",customer0830@example.com,2026-05-16 16:40:00,0:14:44,Outbound,Operations Email,Duplicate,GEN-000830,P5 - 1129000830 - Fire Door Issue,884
Yes,,Media Type: Email; Queue: RM,Email,Case Owner; Noah Wilson,customer0831@example.com,2026-05-03 12:25:00,0:09:41,Inbound,RM Priority Email,Follow Up Required,GEN-000831,P5 - 1129000831 - Roof Leak,581
Yes,,Media Type: Email; Queue: RM,Email,Case Owner; Brianna Smith,customer0832@example.com,2026-05-23 15:25:00,0:07:15,Inbound,Operations Email,Follow Up Required,GEN-000832,P3.5 - 1129000832 - Graffiti Removal Request,435
Yes,,Media Type: Email; Queue: RM,Email,Chloe Martin,customer0833@example.com,2026-05-19 12:50:00,0:07:53,Inbound,Facilities Email,Follow Up Required,GEN-000833,P1 - 1129000833 - External Lighting Fault,473
Yes,,Media Type: Email; Queue: RM,Email,Initial Handler; Queue Transfer; Chloe Martin,customer0834@example.com,2026-05-13 12:02:00,0:16:09,Inbound,Maintenance Email,Transferred,GEN-000834,P3 - 1129000834 - Odour In Bathroom,969
Yes,,Media Type: Email; Queue: RM,Email,Initial Handler; Queue Transfer; Olivia Harris,customer0835@example.com,2026-05-16 07:36:00,0:16:48,Inbound,Facilities Email,Duplicate,GEN-000835,P5 - 1129000835 - Tap Not Working,1008
Yes,,Media Type: Email; Queue: RM,Email,RM Shared Mailbox; Liam Davis,customer0836@example.com,2026-05-09 16:03:00,0:06:49,Outbound,Operations Email,Information Provided,GEN-000836,P3 - 1129000836 - Electrical Fault,409
Yes,,Media Type: Email; Queue: RM,Email,Olivia Harris,customer0837@example.com,2026-05-16 10:17:00,0:08:00,Inbound,Maintenance Email,Follow Up Required,GEN-000837,P5 - 1129000837 - Pest Control Request,480
Yes,,Media Type: Email; Queue: RM,Email,"Shared Inbox, Liam Davis",customer0838@example.com,2026-05-03 10:39:00,0:13:38,Outbound,Operations Email,Transferred,GEN-000838,General enquiry - 1129000838 - Blocked Sink,818
Yes,,Media Type: Email; Queue: RM,Email,Grace Taylor,customer0839@example.com,2026-05-10 16:59:00,0:17:15,Inbound,RM Email,Duplicate,GEN-000839,P5 (within 7 days) - 1129000839 - Kitchen Equipment Fault,1035
Yes,,Media Type: Email; Queue: RM,Email,RM Shared Mailbox; Jordan Nguyen,customer0840@example.com,2026-05-20 08:48:00,0:19:08,Outbound,RM Priority Email,Information Provided,GEN-000840,P3.5 - 1129000840 - Odour In Bathroom,1148
Yes,,Media Type: Email; Queue: RM,Email,Emily Carter,customer0841@example.com,2026-05-05 14:07:00,0:10:53,Inbound,RM Email,Follow Up Required,GEN-000841,P3 - 1129000841 - Drainage Issue,653
Yes,,Media Type: Email; Queue: RM,Email,Emily Carter,customer0842@example.com,2026-05-28 10:26:00,0:08:39,Outbound,RM Email,Awaiting Customer Response,GEN-000842,P2 - 1129000842 - Electrical Fault,519
Yes,,Media Type: Email; Queue: RM,Email,Queue Transfer; Brianna Smith,customer0843@example.com,2026-05-05 07:38:00,0:10:43,Inbound,Operations Email,Completed,GEN-000843,P4 - 1129000843 - After Hours Maintenance Request,643
Yes,,Media Type: Email; Queue: RM,Email,Mia Thompson,customer0844@example.com,2026-05-04 12:58:00,0:04:40,Inbound,Facilities Email,Transferred,GEN-000844,P4 - 1129000844 - Blocked Sink,280
Yes,,Media Type: Email; Queue: RM,Email,RM Shared Mailbox; Ava Robinson,customer0845@example.com,2026-05-19 08:30:00,0:12:36,Outbound,Operations Email,Transferred,GEN-000845,P3.5 - 1129000845 - Heating Issue,756
Yes,,Media Type: Email; Queue: RM,Email,Queue Transfer; Emily Carter,customer0846@example.com,2026-05-08 10:34:00,0:05:05,Outbound,Maintenance Email,Completed,GEN-000846,P4 - 1129000846 - Grounds Maintenance Request,305
Yes,,Media Type: Email; Queue: RM,Email,Case Owner; Olivia Harris,customer0847@example.com,2026-05-16 11:36:00,0:15:32,Inbound,Maintenance Email,Completed,GEN-000847,P4 - 1129000847 - Security Door Fault,932
Yes,,Media Type: Email; Queue: RM,Email,Case Owner; Olivia Harris,customer0848@example.com,2026-05-01 08:53:00,0:09:03,Inbound,RM Email,Information Provided,GEN-000848,P3 - 1129000848 - Power Outage,543
Yes,,Media Type: Email; Queue: RM,Email,Queue Transfer; Ava Robinson,customer0849@example.com,2026-05-13 14:42:00,0:11:07,Inbound,Maintenance Email,Information Provided,GEN-000849,P3 - 1129000849 - Power Outage,667
Yes,,Media Type: Email; Queue: RM,Email,Chloe Martin,customer0850@example.com,2026-05-24 13:20:00,0:08:25,Outbound,Maintenance Email,Follow Up Required,GEN-000850,P4 - 1129000850 - Water Leak Reported,505
Yes,,Media Type: Email; Queue: RM,Email,Queue Transfer; Brianna Smith,customer0851@example.com,2026-05-11 10:14:00,0:15:00,Inbound,Facilities Email,Duplicate,GEN-000851,P2 - 1129000851 - Blocked Sink,900
Yes,,Media Type: Email; Queue: RM,Email,RM Shared Mailbox; Lucas Moore,customer0852@example.com,2026-05-31 15:42:00,0:16:06,Inbound,RM Priority Email,Completed,GEN-000852,P1 - 1129000852 - Window Repair Request,966
Yes,,Media Type: Email; Queue: RM,Email,Queue Transfer; Sophie Brown,customer0853@example.com,2026-05-15 15:53:00,0:13:43,Outbound,Maintenance Email,Information Provided,GEN-000853,P3 - 1129000853 - Power Outage,823
Yes,,Media Type: Email; Queue: RM,Email,Case Owner; Emily Carter,customer0854@example.com,2026-05-08 13:00:00,0:19:52,Outbound,Operations Email,Transferred,GEN-000854,P2 - 1129000854 - Lighting Fault,1192
Yes,,Media Type: Email; Queue: RM,Email,Initial Handler; Queue Transfer; Brianna Smith,customer0855@example.com,2026-05-21 13:20:00,0:12:47,Inbound,Maintenance Email,Completed,GEN-000855,P3 - 1129000855 - Kitchen Equipment Fault,767
Yes,,Media Type: Email; Queue: RM,Email,"Shared Inbox, Grace Taylor",customer0856@example.com,2026-05-28 10:43:00,0:06:07,Outbound,Operations Email,Awaiting Customer Response,GEN-000856,P3 - 1129000856 - Flooring Damage,367
Yes,,Media Type: Email; Queue: RM,Email,Case Owner; Daniel Lee,customer0857@example.com,2026-05-24 15:53:00,0:08:49,Outbound,Maintenance Email,Follow Up Required,GEN-000857,P3 - 1129000857 - Toilet Blockage,529
Yes,,Media Type: Email; Queue: RM,Email,Case Owner; Lucas Moore,customer0858@example.com,2026-05-15 11:31:00,0:05:48,Inbound,RM Priority Email,Transferred,GEN-000858,P2 - 1129000858 - Door Lock Not Working,348
Yes,,Media Type: Email; Queue: RM,Email,"Shared Inbox, Grace Taylor",customer0859@example.com,2026-05-14 08:45:00,0:17:04,Inbound,Operations Email,Duplicate,GEN-000859,P3 - 1129000859 - Irrigation Issue,1024
Yes,,Media Type: Email; Queue: RM,Email,Case Owner; Sophie Brown,customer0860@example.com,2026-05-15 14:19:00,0:09:46,Outbound,RM Email,Transferred,GEN-000860,P2 - 1129000860 - Window Repair Request,586
Yes,,Media Type: Email; Queue: RM,Email,Olivia Harris,customer0861@example.com,2026-05-30 08:37:00,0:07:22,Inbound,RM Email,Duplicate,GEN-000861,P3 - 1129000861 - After Hours Maintenance Request,442
Yes,,Media Type: Email; Queue: RM,Email,"Shared Inbox, Sophie Brown",customer0862@example.com,2026-05-05 09:03:00,0:16:10,Outbound,Maintenance Email,Transferred,GEN-000862,P3 - 1129000862 - Power Outage,970
Yes,,Media Type: Email; Queue: RM,Email,Noah Wilson,customer0863@example.com,2026-05-18 07:21:00,0:04:51,Inbound,RM Priority Email,Completed,GEN-000863,P1 - 1129000863 - Office Temperature Issue,291
Yes,,Media Type: Email; Queue: RM,Email,Chloe Martin,customer0864@example.com,2026-05-19 08:02:00,0:12:46,Outbound,RM Email,Completed,GEN-000864,P3 - 1129000864 - Drainage Issue,766
Yes,,Media Type: Email; Queue: RM,Email,Ava Robinson,customer0865@example.com,2026-05-15 13:24:00,0:20:00,Outbound,RM Email,Duplicate,GEN-000865,P3 - 1129000865 - Fridge Not Working,1200
Yes,,Media Type: Email; Queue: RM,Email,RM Shared Mailbox; Jordan Nguyen,customer0866@example.com,2026-05-08 12:54:00,0:07:30,Outbound,Facilities Email,Duplicate,GEN-000866,P5 - 1129000866 - Air Conditioner Fault,450
Yes,,Media Type: Email; Queue: RM,Email,Jordan Nguyen,customer0867@example.com,2026-05-18 15:03:00,0:19:17,Inbound,Facilities Email,Follow Up Required,GEN-000867,P3.5 - 1129000867 - Office Temperature Issue,1157
Yes,,Media Type: Email; Queue: RM,Email,Initial Handler; Queue Transfer; Ava Robinson,customer0868@example.com,2026-05-19 10:31:00,0:11:19,Outbound,Operations Email,Duplicate,GEN-000868,General enquiry - 1129000868 - Heating Issue,679
Yes,,Media Type: Email; Queue: RM,Email,Case Owner; Ava Robinson,customer0869@example.com,2026-05-04 10:05:00,0:11:38,Inbound,Facilities Email,Follow Up Required,GEN-000869,P3 - 1129000869 - Electrical Fault,698
Yes,,Media Type: Email; Queue: RM,Email,RM Shared Mailbox; Chloe Martin,customer0870@example.com,2026-05-02 13:11:00,0:07:12,Outbound,RM Email,Duplicate,GEN-000870,P4 - 1129000870 - General Maintenance Request,432
Yes,,Media Type: Email; Queue: RM,Email,RM Shared Mailbox; Ethan Clark,customer0871@example.com,2026-05-21 08:32:00,0:18:56,Inbound,Facilities Email,Information Provided,GEN-000871,P3 - 1129000871 - Damaged Ceiling Tile,1136
Yes,,Media Type: Email; Queue: RM,Email,Mia Thompson,customer0872@example.com,2026-05-09 10:25:00,0:10:28,Outbound,RM Email,Information Provided,GEN-000872,P3 - 1129000872 - After Hours Maintenance Request,628
Yes,,Media Type: Email; Queue: RM,Email,Liam Davis,customer0873@example.com,2026-05-16 10:49:00,0:06:47,Inbound,Facilities Email,Completed,GEN-000873,P3 - 1129000873 - External Lighting Fault,407
Yes,,Media Type: Email; Queue: RM,Email,"Shared Inbox, Alex Johnson",customer0874@example.com,2026-05-05 15:01:00,0:13:07,Outbound,Facilities Email,Transferred,GEN-000874,P3 - 1129000874 - External Lighting Fault,787
Yes,,Media Type: Email; Queue: RM,Email,Queue Transfer; Ava Robinson,customer0875@example.com,2026-05-13 08:28:00,0:14:11,Inbound,Facilities Email,Information Provided,GEN-000875,P4 - 1129000875 - Blocked Drain,851
Yes,,Media Type: Email; Queue: RM,Email,Queue Transfer; Brianna Smith,customer0876@example.com,2026-05-16 10:45:00,0:08:20,Outbound,RM Email,Duplicate,GEN-000876,P3.5 - 1129000876 - Fence Damage,500
Yes,,Media Type: Email; Queue: RM,Email,Queue Transfer; Olivia Harris,customer0877@example.com,2026-05-17 09:29:00,0:04:01,Outbound,Maintenance Email,Transferred,GEN-000877,P5 - 1129000877 - Door Lock Not Working,241
Yes,,Media Type: Email; Queue: RM,Email,Initial Handler; Queue Transfer; Lucas Moore,customer0878@example.com,2026-05-29 07:29:00,0:10:05,Outbound,Facilities Email,Follow Up Required,GEN-000878,P3 - 1129000878 - Odour In Bathroom,605
Yes,,Media Type: Email; Queue: RM,Email,Queue Transfer; Noah Wilson,customer0879@example.com,2026-05-30 12:14:00,0:15:27,Outbound,RM Email,Information Provided,GEN-000879,P3.5 - 1129000879 - Lift Fault Reported,927
Yes,,Media Type: Email; Queue: RM,Email,Initial Handler; Queue Transfer; Alex Johnson,customer0880@example.com,2026-05-11 09:31:00,0:09:31,Inbound,RM Priority Email,Awaiting Customer Response,GEN-000880,P4 - 1129000880 - Power Outage,571
Yes,,Media Type: Email; Queue: RM,Email,Liam Davis,customer0881@example.com,2026-05-07 13:13:00,0:19:28,Outbound,Operations Email,Awaiting Customer Response,GEN-000881,P2 - 1129000881 - Access Card Issue,1168
Yes,,Media Type: Email; Queue: RM,Email,"Shared Inbox, Noah Wilson",customer0882@example.com,2026-05-09 11:51:00,0:05:00,Inbound,Operations Email,Transferred,GEN-000882,P3 - 1129000882 - Blocked Drain,300
Yes,,Media Type: Email; Queue: RM,Email,Case Owner; Daniel Lee,customer0883@example.com,2026-05-26 13:54:00,0:06:28,Outbound,Facilities Email,Transferred,GEN-000883,P2 - 1129000883 - Fire Door Issue,388
Yes,,Media Type: Email; Queue: RM,Email,Case Owner; Ava Robinson,customer0884@example.com,2026-05-01 10:35:00,0:13:33,Inbound,RM Email,Completed,GEN-000884,P3 - 1129000884 - Pest Control Request,813
Yes,,Media Type: Email; Queue: RM,Email,"Shared Inbox, Daniel Lee",customer0885@example.com,2026-05-05 10:06:00,0:11:47,Inbound,RM Email,Follow Up Required,GEN-000885,P3 - 1129000885 - Broken Door Handle,707
Yes,,Media Type: Email; Queue: RM,Email,Initial Handler; Queue Transfer; Brianna Smith,customer0886@example.com,2026-05-24 16:30:00,0:15:29,Inbound,Facilities Email,Duplicate,GEN-000886,P1 - 1129000886 - Roof Leak,929
Yes,,Media Type: Email; Queue: RM,Email,Queue Transfer; Noah Wilson,customer0887@example.com,2026-05-09 08:51:00,0:18:37,Outbound,Operations Email,Information Provided,GEN-000887,P3 - 1129000887 - Lift Fault Reported,1117
Yes,,Media Type: Email; Queue: RM,Email,"Shared Inbox, Brianna Smith",customer0888@example.com,2026-05-28 08:14:00,0:19:03,Inbound,Maintenance Email,Information Provided,GEN-000888,P3 - 1129000888 - Kitchen Equipment Fault,1143
Yes,,Media Type: Email; Queue: RM,Email,Mia Thompson,customer0889@example.com,2026-05-28 09:51:00,0:19:58,Outbound,Facilities Email,Duplicate,GEN-000889,P2 - 1129000889 - Toilet Blockage,1198
Yes,,Media Type: Email; Queue: RM,Email,"Shared Inbox, Chloe Martin",customer0890@example.com,2026-05-05 11:07:00,0:06:28,Inbound,Facilities Email,Transferred,GEN-000890,P4 - 1129000890 - Lighting Fault,388
Yes,,Media Type: Email; Queue: RM,Email,Grace Taylor,customer0891@example.com,2026-05-20 12:48:00,0:10:47,Outbound,RM Email,Information Provided,GEN-000891,P2 - 1129000891 - Drainage Issue,647
Yes,,Media Type: Email; Queue: RM,Email,"Shared Inbox, Lucas Moore",customer0892@example.com,2026-05-26 09:52:00,0:13:23,Inbound,Maintenance Email,Follow Up Required,GEN-000892,P3 - 1129000892 - Lighting Fault,803
Yes,,Media Type: Email; Queue: RM,Email,Queue Transfer; Ethan Clark,customer0893@example.com,2026-05-02 07:21:00,0:12:07,Inbound,Operations Email,Completed,GEN-000893,P3 - 1129000893 - Damaged Ceiling Tile,727
Yes,,Media Type: Email; Queue: RM,Email,Queue Transfer; Emily Carter,customer0894@example.com,2026-05-21 14:10:00,0:06:29,Inbound,Maintenance Email,Duplicate,GEN-000894,P3 - 1129000894 - Office Temperature Issue,389
Yes,,Media Type: Email; Queue: RM,Email,Queue Transfer; Brianna Smith,customer0895@example.com,2026-05-12 10:43:00,0:09:03,Outbound,RM Priority Email,Transferred,GEN-000895,P3 - 1129000895 - Flooring Damage,543
Yes,,Media Type: Email; Queue: RM,Email,RM Shared Mailbox; Brianna Smith,customer0896@example.com,2026-05-20 12:21:00,0:13:08,Inbound,Operations Email,Follow Up Required,GEN-000896,P5 - 1129000896 - Lighting Fault,788
Yes,,Media Type: Email; Queue: RM,Email,Initial Handler; Queue Transfer; Mia Thompson,customer0897@example.com,2026-05-24 12:42:00,0:12:01,Inbound,RM Priority Email,Information Provided,GEN-000897,P2 - 1129000897 - Roof Leak,721
Yes,,Media Type: Email; Queue: RM,Email,Case Owner; Jordan Nguyen,customer0898@example.com,2026-05-27 16:47:00,0:08:03,Inbound,Maintenance Email,Duplicate,GEN-000898,P3.5 - 1129000898 - Flooring Damage,483
Yes,,Media Type: Email; Queue: RM,Email,Case Owner; Lucas Moore,customer0899@example.com,2026-05-20 14:44:00,0:07:54,Inbound,RM Priority Email,Information Provided,GEN-000899,P2 - 1129000899 - Air Conditioner Fault,474
Yes,,Media Type: Email; Queue: RM,Email,"Shared Inbox, Jordan Nguyen",customer0900@example.com,2026-05-06 09:14:00,0:17:28,Inbound,Facilities Email,Follow Up Required,GEN-000900,P5 - 1129000900 - Furniture Repair Request,1048
Yes,,Media Type: Email; Queue: RM,Email,RM Shared Mailbox; Brianna Smith,customer0901@example.com,2026-05-29 14:04:00,0:19:02,Outbound,RM Priority Email,Duplicate,GEN-000901,P4 - 1129000901 - Fence Damage,1142
Yes,,Media Type: Email; Queue: RM,Email,Queue Transfer; Daniel Lee,customer0902@example.com,2026-05-24 15:14:00,0:16:52,Outbound,RM Priority Email,Duplicate,GEN-000902,P3.5 - 1129000902 - Tap Not Working,1012
Yes,,Media Type: Email; Queue: RM,Email,Case Owner; Olivia Harris,customer0903@example.com,2026-05-24 12:44:00,0:15:37,Inbound,RM Priority Email,Transferred,GEN-000903,P5 - 1129000903 - Kitchen Equipment Fault,937
Yes,,Media Type: Email; Queue: RM,Email,RM Shared Mailbox; Daniel Lee,customer0904@example.com,2026-05-12 16:46:00,0:08:32,Inbound,Operations Email,Duplicate,GEN-000904,P4 - 1129000904 - Smoke Alarm Fault,512
Yes,,Media Type: Email; Queue: RM,Email,Case Owner; Alex Johnson,customer0905@example.com,2026-05-31 11:26:00,0:05:37,Inbound,RM Email,Information Provided,GEN-000905,P3 - 1129000905 - Water Leak Reported,337
Yes,,Media Type: Email; Queue: RM,Email,Initial Handler; Queue Transfer; Mia Thompson,customer0906@example.com,2026-05-11 08:54:00,0:04:46,Inbound,Operations Email,Completed,GEN-000906,P2 - 1129000906 - Flooring Damage,286
Yes,,Media Type: Email; Queue: RM,Email,Case Owner; Ava Robinson,customer0907@example.com,2026-05-29 09:33:00,0:09:24,Outbound,RM Priority Email,Information Provided,GEN-000907,P3 - 1129000907 - General Maintenance Request,564
Yes,,Media Type: Email; Queue: RM,Email,Initial Handler; Queue Transfer; Ava Robinson,customer0908@example.com,2026-05-06 10:48:00,0:11:26,Inbound,RM Priority Email,Transferred,GEN-000908,P3 - 1129000908 - Water Leak Reported,686
Yes,,Media Type: Email; Queue: RM,Email,Initial Handler; Queue Transfer; Ava Robinson,customer0909@example.com,2026-05-28 11:20:00,0:12:03,Outbound,Maintenance Email,Transferred,GEN-000909,P3 - 1129000909 - Electrical Fault,723
Yes,,Media Type: Email; Queue: RM,Email,Case Owner; Olivia Harris,customer0910@example.com,2026-05-08 09:43:00,0:11:31,Outbound,RM Email,Information Provided,GEN-000910,P1 - 1129000910 - After Hours Maintenance Request,691
Yes,,Media Type: Email; Queue: RM,Email,Queue Transfer; Sophie Brown,customer0911@example.com,2026-05-20 15:29:00,0:18:49,Outbound,RM Email,Completed,GEN-000911,P5 - 1129000911 - Electrical Fault,1129
Yes,,Media Type: Email; Queue: RM,Email,Queue Transfer; Olivia Harris,customer0912@example.com,2026-05-27 14:17:00,0:16:50,Outbound,RM Priority Email,Awaiting Customer Response,GEN-000912,P4 - 1129000912 - Furniture Repair Request,1010
Yes,,Media Type: Email; Queue: RM,Email,Initial Handler; Queue Transfer; Brianna Smith,customer0913@example.com,2026-05-14 16:36:00,0:16:04,Outbound,Facilities Email,Awaiting Customer Response,GEN-000913,P2 - 1129000913 - Blocked Drain,964
Yes,,Media Type: Email; Queue: RM,Email,Ethan Clark,customer0914@example.com,2026-05-15 09:37:00,0:11:19,Inbound,RM Email,Information Provided,GEN-000914,P3 - 1129000914 - Door Lock Not Working,679
Yes,,Media Type: Email; Queue: RM,Email,RM Shared Mailbox; Emily Carter,customer0915@example.com,2026-05-02 12:41:00,0:07:45,Inbound,Operations Email,Duplicate,GEN-000915,P3 - 1129000915 - Tap Not Working,465
Yes,,Media Type: Email; Queue: RM,Email,Jordan Nguyen,customer0916@example.com,2026-05-04 07:31:00,0:16:53,Inbound,Operations Email,Transferred,GEN-000916,P5 - 1129000916 - Hot Water Issue,1013
Yes,,Media Type: Email; Queue: RM,Email,Initial Handler; Queue Transfer; Sophie Brown,customer0917@example.com,2026-05-26 16:05:00,0:15:29,Inbound,Maintenance Email,Transferred,GEN-000917,P4 - 1129000917 - Blocked Sink,929
Yes,,Media Type: Email; Queue: RM,Email,RM Shared Mailbox; Alex Johnson,customer0918@example.com,2026-05-01 11:51:00,0:13:45,Outbound,RM Priority Email,Transferred,GEN-000918,P2 - 1129000918 - Electrical Fault,825
Yes,,Media Type: Email; Queue: RM,Email,Initial Handler; Queue Transfer; Ava Robinson,customer0919@example.com,2026-05-31 09:59:00,0:07:55,Outbound,Maintenance Email,Transferred,GEN-000919,P3 - 1129000919 - Graffiti Removal Request,475
Yes,,Media Type: Email; Queue: RM,Email,Case Owner; Grace Taylor,customer0920@example.com,2026-05-22 13:20:00,0:04:44,Outbound,Maintenance Email,Duplicate,GEN-000920,P4 - 1129000920 - Cleaning Request,284
Yes,,Media Type: Email; Queue: RM,Email,Initial Handler; Queue Transfer; Liam Davis,customer0921@example.com,2026-05-04 15:17:00,0:13:03,Inbound,RM Email,Follow Up Required,GEN-000921,P3 - 1129000921 - External Lighting Fault,783
Yes,,Media Type: Email; Queue: RM,Email,Case Owner; Brianna Smith,customer0922@example.com,2026-05-15 15:31:00,0:15:09,Inbound,RM Email,Transferred,GEN-000922,P3 - 1129000922 - Lift Fault Reported,909
Yes,,Media Type: Email; Queue: RM,Email,Queue Transfer; Daniel Lee,customer0923@example.com,2026-05-19 16:00:00,0:16:48,Inbound,RM Email,Information Provided,GEN-000923,P5 - 1129000923 - Waste Collection Query,1008
Yes,,Media Type: Email; Queue: RM,Email,"Shared Inbox, Emily Carter",customer0924@example.com,2026-05-31 07:53:00,0:04:31,Inbound,Maintenance Email,Awaiting Customer Response,GEN-000924,P4 - 1129000924 - Car Park Lighting Fault,271
Yes,,Media Type: Email; Queue: RM,Email,Queue Transfer; Olivia Harris,customer0925@example.com,2026-05-16 08:40:00,0:14:57,Outbound,Maintenance Email,Transferred,GEN-000925,P3.5 - 1129000925 - Door Lock Not Working,897
Yes,,Media Type: Email; Queue: RM,Email,"Shared Inbox, Daniel Lee",customer0926@example.com,2026-05-18 14:59:00,0:19:41,Outbound,RM Email,Information Provided,GEN-000926,P3 - 1129000926 - Odour In Bathroom,1181
Yes,,Media Type: Email; Queue: RM,Email,Case Owner; Ethan Clark,customer0927@example.com,2026-05-05 12:52:00,0:11:25,Inbound,RM Priority Email,Completed,GEN-000927,P3 - 1129000927 - Grounds Maintenance Request,685
Yes,,Media Type: Email; Queue: RM,Email,Queue Transfer; Jordan Nguyen,customer0928@example.com,2026-05-30 11:37:00,0:16:25,Outbound,Facilities Email,Information Provided,GEN-000928,P5 - 1129000928 - Door Lock Not Working,985
Yes,,Media Type: Email; Queue: RM,Email,Initial Handler; Queue Transfer; Emily Carter,customer0929@example.com,2026-05-14 10:33:00,0:06:00,Outbound,Operations Email,Awaiting Customer Response,GEN-000929,P3.5 - 1129000929 - Door Lock Not Working,360
Yes,,Media Type: Email; Queue: RM,Email,Case Owner; Sophie Brown,customer0930@example.com,2026-05-18 11:35:00,0:06:56,Inbound,Facilities Email,Information Provided,GEN-000930,P4 - 1129000930 - Smoke Alarm Fault,416
Yes,,Media Type: Email; Queue: RM,Email,Case Owner; Mia Thompson,customer0931@example.com,2026-05-14 10:53:00,0:07:13,Outbound,Maintenance Email,Transferred,GEN-000931,P5 - 1129000931 - Blocked Sink,433
Yes,,Media Type: Email; Queue: RM,Email,Case Owner; Daniel Lee,customer0932@example.com,2026-05-05 07:54:00,0:16:26,Inbound,RM Priority Email,Follow Up Required,GEN-000932,P1 - 1129000932 - After Hours Maintenance Request,986
Yes,,Media Type: Email; Queue: RM,Email,RM Shared Mailbox; Liam Davis,customer0933@example.com,2026-05-26 16:50:00,0:10:57,Outbound,RM Email,Duplicate,GEN-000933,P5 - 1129000933 - Power Outage,657
Yes,,Media Type: Email; Queue: RM,Email,Case Owner; Jordan Nguyen,customer0934@example.com,2026-05-24 12:08:00,0:10:20,Outbound,RM Email,Awaiting Customer Response,GEN-000934,P3.5 - 1129000934 - Kitchen Equipment Fault,620
Yes,,Media Type: Email; Queue: RM,Email,Initial Handler; Queue Transfer; Ava Robinson,customer0935@example.com,2026-05-09 15:12:00,0:17:39,Outbound,Maintenance Email,Information Provided,GEN-000935,P3 - 1129000935 - Tap Not Working,1059
Yes,,Media Type: Email; Queue: RM,Email,Initial Handler; Queue Transfer; Liam Davis,customer0936@example.com,2026-05-31 08:46:00,0:15:34,Inbound,Facilities Email,Transferred,GEN-000936,P3 - 1129000936 - Electrical Fault,934
Yes,,Media Type: Email; Queue: RM,Email,RM Shared Mailbox; Brianna Smith,customer0937@example.com,2026-05-12 12:20:00,0:17:15,Inbound,Facilities Email,Duplicate,GEN-000937,P3 - 1129000937 - Damaged Ceiling Tile,1035
Yes,,Media Type: Email; Queue: RM,Email,"Shared Inbox, Liam Davis",customer0938@example.com,2026-05-08 13:26:00,0:19:37,Inbound,RM Email,Duplicate,GEN-000938,P3.5 - 1129000938 - Grounds Maintenance Request,1177
Yes,,Media Type: Email; Queue: RM,Email,Case Owner; Chloe Martin,customer0939@example.com,2026-05-13 12:49:00,0:12:31,Outbound,Operations Email,Awaiting Customer Response,GEN-000939,P4 - 1129000939 - Kitchen Equipment Fault,751
Yes,,Media Type: Email; Queue: RM,Email,Case Owner; Emily Carter,customer0940@example.com,2026-05-25 13:22:00,0:14:45,Inbound,RM Priority Email,Information Provided,GEN-000940,P4 - 1129000940 - Pest Control Request,885
Yes,,Media Type: Email; Queue: RM,Email,"Shared Inbox, Ava Robinson",customer0941@example.com,2026-05-18 12:09:00,0:16:48,Outbound,RM Email,Duplicate,GEN-000941,P3 - 1129000941 - Odour In Bathroom,1008
Yes,,Media Type: Email; Queue: RM,Email,Ava Robinson,customer0942@example.com,2026-05-31 15:15:00,0:07:26,Inbound,Maintenance Email,Follow Up Required,GEN-000942,P5 - 1129000942 - Office Temperature Issue,446
Yes,,Media Type: Email; Queue: RM,Email,"Shared Inbox, Olivia Harris",customer0943@example.com,2026-05-29 12:14:00,0:11:44,Inbound,RM Priority Email,Follow Up Required,GEN-000943,P4 - 1129000943 - Security Door Fault,704
Yes,,Media Type: Email; Queue: RM,Email,RM Shared Mailbox; Noah Wilson,customer0944@example.com,2026-05-13 08:00:00,0:07:30,Inbound,RM Email,Follow Up Required,GEN-000944,P3 - 1129000944 - Broken Door Handle,450
Yes,,Media Type: Email; Queue: RM,Email,Queue Transfer; Daniel Lee,customer0945@example.com,2026-05-09 11:23:00,0:19:18,Inbound,RM Email,Completed,GEN-000945,P5 (within 7 days) - 1129000945 - Toilet Blockage,1158
Yes,,Media Type: Email; Queue: RM,Email,"Shared Inbox, Chloe Martin",customer0946@example.com,2026-05-07 11:09:00,0:11:25,Outbound,RM Email,Awaiting Customer Response,GEN-000946,P1 - 1129000946 - Door Lock Not Working,685
Yes,,Media Type: Email; Queue: RM,Email,Queue Transfer; Noah Wilson,customer0947@example.com,2026-05-12 15:01:00,0:09:37,Outbound,Maintenance Email,Information Provided,GEN-000947,P1 - 1129000947 - Toilet Blockage,577
Yes,,Media Type: Email; Queue: RM,Email,Queue Transfer; Lucas Moore,customer0948@example.com,2026-05-25 09:40:00,0:08:20,Inbound,RM Priority Email,Completed,GEN-000948,P5 (within 7 days) - 1129000948 - Heating Issue,500
Yes,,Media Type: Email; Queue: RM,Email,RM Shared Mailbox; Ethan Clark,customer0949@example.com,2026-05-26 14:59:00,0:08:42,Inbound,Operations Email,Duplicate,GEN-000949,P4 - 1129000949 - Lift Fault Reported,522
Yes,,Media Type: Email; Queue: RM,Email,Mia Thompson,customer0950@example.com,2026-05-17 14:11:00,0:04:48,Inbound,RM Email,Follow Up Required,GEN-000950,P4 - 1129000950 - Toilet Blockage,288
Yes,,Media Type: Email; Queue: RM,Email,Queue Transfer; Ava Robinson,customer0951@example.com,2026-05-03 14:06:00,0:07:42,Inbound,Operations Email,Information Provided,GEN-000951,P3 - 1129000951 - Fire Door Issue,462
Yes,,Media Type: Email; Queue: RM,Email,"Shared Inbox, Jordan Nguyen",customer0952@example.com,2026-05-24 16:25:00,0:09:04,Inbound,Facilities Email,Completed,GEN-000952,P3.5 - 1129000952 - Power Outage,544
Yes,,Media Type: Email; Queue: RM,Email,Alex Johnson,customer0953@example.com,2026-05-29 09:37:00,0:16:05,Outbound,RM Email,Completed,GEN-000953,P5 - 1129000953 - Waste Collection Query,965
Yes,,Media Type: Email; Queue: RM,Email,Sophie Brown,customer0954@example.com,2026-05-25 08:47:00,0:16:24,Inbound,RM Priority Email,Duplicate,GEN-000954,P5 - 1129000954 - Broken Door Handle,984
Yes,,Media Type: Email; Queue: RM,Email,RM Shared Mailbox; Sophie Brown,customer0955@example.com,2026-05-14 12:02:00,0:19:48,Outbound,Operations Email,Awaiting Customer Response,GEN-000955,P3 - 1129000955 - Signage Repair Request,1188
Yes,,Media Type: Email; Queue: RM,Email,Lucas Moore,customer0956@example.com,2026-05-25 10:45:00,0:05:51,Outbound,RM Priority Email,Awaiting Customer Response,GEN-000956,P3 - 1129000956 - Office Temperature Issue,351
Yes,,Media Type: Email; Queue: RM,Email,"Shared Inbox, Grace Taylor",customer0957@example.com,2026-05-16 12:00:00,0:13:10,Inbound,Facilities Email,Awaiting Customer Response,GEN-000957,P5 - 1129000957 - Flooring Damage,790
Yes,,Media Type: Email; Queue: RM,Email,Ava Robinson,customer0958@example.com,2026-05-03 13:32:00,0:12:03,Inbound,RM Priority Email,Transferred,GEN-000958,P2 - 1129000958 - After Hours Maintenance Request,723
Yes,,Media Type: Email; Queue: RM,Email,RM Shared Mailbox; Alex Johnson,customer0959@example.com,2026-05-19 14:50:00,0:06:43,Inbound,Maintenance Email,Follow Up Required,GEN-000959,P4 - 1129000959 - Pest Control Request,403
Yes,,Media Type: Email; Queue: RM,Email,Queue Transfer; Ava Robinson,customer0960@example.com,2026-05-22 07:32:00,0:06:15,Inbound,RM Priority Email,Transferred,GEN-000960,P3 - 1129000960 - Tap Not Working,375
Yes,,Media Type: Email; Queue: RM,Email,Queue Transfer; Brianna Smith,customer0961@example.com,2026-05-25 08:40:00,0:16:56,Outbound,RM Priority Email,Completed,GEN-000961,P3 - 1129000961 - General Maintenance Request,1016
Yes,,Media Type: Email; Queue: RM,Email,RM Shared Mailbox; Grace Taylor,customer0962@example.com,2026-05-04 16:40:00,0:17:07,Inbound,RM Email,Awaiting Customer Response,GEN-000962,P2 - 1129000962 - Pest Control Request,1027
Yes,,Media Type: Email; Queue: RM,Email,Ethan Clark,customer0963@example.com,2026-05-20 10:52:00,0:12:34,Outbound,RM Priority Email,Awaiting Customer Response,GEN-000963,P3 - 1129000963 - Drainage Issue,754
Yes,,Media Type: Email; Queue: RM,Email,RM Shared Mailbox; Noah Wilson,customer0964@example.com,2026-05-07 08:54:00,0:11:19,Inbound,RM Priority Email,Awaiting Customer Response,GEN-000964,P4 - 1129000964 - Flooring Damage,679
Yes,,Media Type: Email; Queue: RM,Email,Case Owner; Jordan Nguyen,customer0965@example.com,2026-05-22 16:17:00,0:07:00,Inbound,Facilities Email,Information Provided,GEN-000965,P4 - 1129000965 - Irrigation Issue,420
Yes,,Media Type: Email; Queue: RM,Email,RM Shared Mailbox; Grace Taylor,customer0966@example.com,2026-05-26 14:29:00,0:08:09,Inbound,RM Email,Awaiting Customer Response,GEN-000966,P4 - 1129000966 - Hot Water Issue,489
Yes,,Media Type: Email; Queue: RM,Email,Ava Robinson,customer0967@example.com,2026-05-15 15:34:00,0:14:27,Outbound,RM Priority Email,Follow Up Required,GEN-000967,P3.5 - 1129000967 - Fence Damage,867
Yes,,Media Type: Email; Queue: RM,Email,RM Shared Mailbox; Chloe Martin,customer0968@example.com,2026-05-10 15:38:00,0:08:49,Outbound,Facilities Email,Duplicate,GEN-000968,P1 - 1129000968 - Pest Control Request,529
Yes,,Media Type: Email; Queue: RM,Email,Case Owner; Noah Wilson,customer0969@example.com,2026-05-31 13:11:00,0:10:27,Outbound,RM Priority Email,Information Provided,GEN-000969,P5 - 1129000969 - Hot Water Issue,627
Yes,,Media Type: Email; Queue: RM,Email,Initial Handler; Queue Transfer; Grace Taylor,customer0970@example.com,2026-05-27 15:14:00,0:14:50,Outbound,Operations Email,Duplicate,GEN-000970,P5 - 1129000970 - Heating Issue,890
Yes,,Media Type: Email; Queue: RM,Email,Initial Handler; Queue Transfer; Emily Carter,customer0971@example.com,2026-05-31 11:07:00,0:12:05,Inbound,Operations Email,Information Provided,GEN-000971,P2 - 1129000971 - Kitchen Equipment Fault,725
Yes,,Media Type: Email; Queue: RM,Email,RM Shared Mailbox; Noah Wilson,customer0972@example.com,2026-05-31 08:05:00,0:05:44,Outbound,Maintenance Email,Transferred,GEN-000972,P3.5 - 1129000972 - Power Outage,344
Yes,,Media Type: Email; Queue: RM,Email,"Shared Inbox, Daniel Lee",customer0973@example.com,2026-05-02 15:42:00,0:05:20,Inbound,Maintenance Email,Duplicate,GEN-000973,P1 - 1129000973 - Blocked Drain,320
Yes,,Media Type: Email; Queue: RM,Email,RM Shared Mailbox; Daniel Lee,customer0974@example.com,2026-05-24 13:47:00,0:16:54,Inbound,RM Email,Awaiting Customer Response,GEN-000974,P2 - 1129000974 - Roof Leak,1014
Yes,,Media Type: Email; Queue: RM,Email,Liam Davis,customer0975@example.com,2026-05-12 12:19:00,0:14:37,Outbound,Operations Email,Completed,GEN-000975,P3 - 1129000975 - Power Outage,877
Yes,,Media Type: Email; Queue: RM,Email,Initial Handler; Queue Transfer; Liam Davis,customer0976@example.com,2026-05-15 15:00:00,0:15:21,Outbound,RM Priority Email,Follow Up Required,GEN-000976,P3.5 - 1129000976 - Cleaning Request,921
Yes,,Media Type: Email; Queue: RM,Email,Initial Handler; Queue Transfer; Brianna Smith,customer0977@example.com,2026-05-31 11:33:00,0:16:51,Outbound,Facilities Email,Follow Up Required,GEN-000977,P3 - 1129000977 - Heating Issue,1011
Yes,,Media Type: Email; Queue: RM,Email,Initial Handler; Queue Transfer; Daniel Lee,customer0978@example.com,2026-05-04 11:18:00,0:11:58,Outbound,RM Email,Completed,GEN-000978,P3.5 - 1129000978 - Odour In Bathroom,718
Yes,,Media Type: Email; Queue: RM,Email,RM Shared Mailbox; Liam Davis,customer0979@example.com,2026-05-09 15:59:00,0:12:14,Inbound,Maintenance Email,Information Provided,GEN-000979,P4 - 1129000979 - Kitchen Equipment Fault,734
Yes,,Media Type: Email; Queue: RM,Email,Sophie Brown,customer0980@example.com,2026-05-04 11:36:00,0:08:59,Outbound,RM Email,Awaiting Customer Response,GEN-000980,P3 - 1129000980 - Blocked Drain,539
Yes,,Media Type: Email; Queue: RM,Email,RM Shared Mailbox; Alex Johnson,customer0981@example.com,2026-05-04 11:02:00,0:07:37,Outbound,Operations Email,Transferred,GEN-000981,P3 - 1129000981 - Office Temperature Issue,457
Yes,,Media Type: Email; Queue: RM,Email,Queue Transfer; Brianna Smith,customer0982@example.com,2026-05-05 09:11:00,0:10:04,Inbound,Maintenance Email,Transferred,GEN-000982,P4 - 1129000982 - Blocked Drain,604
Yes,,Media Type: Email; Queue: RM,Email,"Shared Inbox, Alex Johnson",customer0983@example.com,2026-05-03 09:42:00,0:11:26,Inbound,Maintenance Email,Transferred,GEN-000983,P3 - 1129000983 - Tap Not Working,686
Yes,,Media Type: Email; Queue: RM,Email,RM Shared Mailbox; Noah Wilson,customer0984@example.com,2026-05-10 08:12:00,0:07:19,Inbound,RM Priority Email,Transferred,GEN-000984,P5 - 1129000984 - Toilet Blockage,439
Yes,,Media Type: Email; Queue: RM,Email,Chloe Martin,customer0985@example.com,2026-05-31 11:48:00,0:18:03,Inbound,Facilities Email,Awaiting Customer Response,GEN-000985,P3 - 1129000985 - Tap Not Working,1083
Yes,,Media Type: Email; Queue: RM,Email,Initial Handler; Queue Transfer; Noah Wilson,customer0986@example.com,2026-05-16 13:22:00,0:11:10,Inbound,Maintenance Email,Transferred,GEN-000986,P5 (within 7 days) - 1129000986 - Broken Door Handle,670
Yes,,Media Type: Email; Queue: RM,Email,Initial Handler; Queue Transfer; Jordan Nguyen,customer0987@example.com,2026-05-30 09:32:00,0:15:49,Outbound,Operations Email,Awaiting Customer Response,GEN-000987,P5 - 1129000987 - Pest Control Request,949
Yes,,Media Type: Email; Queue: RM,Email,Initial Handler; Queue Transfer; Chloe Martin,customer0988@example.com,2026-05-16 10:37:00,0:07:41,Inbound,Operations Email,Information Provided,GEN-000988,P3 - 1129000988 - Fence Damage,461
Yes,,Media Type: Email; Queue: RM,Email,RM Shared Mailbox; Alex Johnson,customer0989@example.com,2026-05-13 14:39:00,0:17:44,Inbound,Maintenance Email,Transferred,GEN-000989,P3.5 - 1129000989 - Fence Damage,1064
Yes,,Media Type: Email; Queue: RM,Email,RM Shared Mailbox; Mia Thompson,customer0990@example.com,2026-05-14 16:01:00,0:07:43,Inbound,Facilities Email,Information Provided,GEN-000990,P3.5 - 1129000990 - Graffiti Removal Request,463
Yes,,Media Type: Email; Queue: RM,Email,"Shared Inbox, Noah Wilson",customer0991@example.com,2026-05-04 10:34:00,0:15:50,Outbound,Facilities Email,Information Provided,GEN-000991,P3 - 1129000991 - Power Outage,950
Yes,,Media Type: Email; Queue: RM,Email,Olivia Harris,customer0992@example.com,2026-05-15 12:51:00,0:12:20,Outbound,Maintenance Email,Awaiting Customer Response,GEN-000992,P5 (within 7 days) - 1129000992 - Lighting Fault,740
Yes,,Media Type: Email; Queue: RM,Email,Noah Wilson,customer0993@example.com,2026-05-03 16:21:00,0:13:30,Inbound,Facilities Email,Duplicate,GEN-000993,P2 - 1129000993 - General Maintenance Request,810
Yes,,Media Type: Email; Queue: RM,Email,Queue Transfer; Olivia Harris,customer0994@example.com,2026-05-22 13:15:00,0:17:12,Inbound,Maintenance Email,Duplicate,GEN-000994,P3.5 - 1129000994 - Kitchen Equipment Fault,1032
Yes,,Media Type: Email; Queue: RM,Email,"Shared Inbox, Ava Robinson",customer0995@example.com,2026-05-20 11:50:00,0:14:03,Inbound,Maintenance Email,Transferred,GEN-000995,P3.5 - 1129000995 - Tap Not Working,843
Yes,,Media Type: Email; Queue: RM,Email,Queue Transfer; Brianna Smith,customer0996@example.com,2026-05-07 11:52:00,0:07:27,Outbound,Operations Email,Completed,GEN-000996,P5 (within 7 days) - 1129000996 - Heating Issue,447
Yes,,Media Type: Email; Queue: RM,Email,"Shared Inbox, Olivia Harris",customer0997@example.com,2026-05-12 10:28:00,0:07:16,Inbound,RM Priority Email,Completed,GEN-000997,P2 - 1129000997 - Lift Fault Reported,436
Yes,,Media Type: Email; Queue: RM,Email,Queue Transfer; Ethan Clark,customer0998@example.com,2026-05-19 11:38:00,0:10:41,Outbound,Facilities Email,Awaiting Customer Response,GEN-000998,P4 - 1129000998 - Power Outage,641
Yes,,Media Type: Email; Queue: RM,Email,RM Shared Mailbox; Olivia Harris,customer0999@example.com,2026-05-02 16:20:00,0:12:59,Inbound,Maintenance Email,Awaiting Customer Response,GEN-000999,P1 - 1129000999 - Air Conditioner Fault,779
Yes,,Media Type: Email; Queue: RM,Email,Olivia Harris,customer1000@example.com,2026-05-28 11:46:00,0:16:47,Inbound,RM Priority Email,Follow Up Required,GEN-001000,P2 - 1129001000 - Power Outage,1007
Yes,,Media Type: Email; Queue: RM,Email,Daniel Lee,customer1001@example.com,2026-05-19 11:22:00,0:12:43,Outbound,RM Priority Email,Duplicate,GEN-001001,P3 - 1129001001 - Water Leak Reported,763
Yes,,Media Type: Email; Queue: RM,Email,Initial Handler; Queue Transfer; Daniel Lee,customer1002@example.com,2026-05-01 15:34:00,0:06:36,Inbound,RM Email,Follow Up Required,GEN-001002,P3 - 1129001002 - Pest Control Request,396
Yes,,Media Type: Email; Queue: RM,Email,Initial Handler; Queue Transfer; Lucas Moore,customer1003@example.com,2026-05-25 09:43:00,0:05:17,Outbound,RM Priority Email,Duplicate,GEN-001003,P3 - 1129001003 - Water Leak Reported,317
Yes,,Media Type: Email; Queue: RM,Email,Case Owner; Brianna Smith,customer1004@example.com,2026-05-13 13:52:00,0:05:51,Inbound,Maintenance Email,Awaiting Customer Response,GEN-001004,P3 - 1129001004 - Fire Door Issue,351
Yes,,Media Type: Email; Queue: RM,Email,"Shared Inbox, Ethan Clark",customer1005@example.com,2026-05-27 12:23:00,0:14:04,Outbound,RM Email,Transferred,GEN-001005,P5 (within 7 days) - 1129001005 - Office Temperature Issue,844
Yes,,Media Type: Email; Queue: RM,Email,Case Owner; Emily Carter,customer1006@example.com,2026-05-19 13:02:00,0:16:23,Inbound,Maintenance Email,Follow Up Required,GEN-001006,P5 (within 7 days) - 1129001006 - Furniture Repair Request,983
Yes,,Media Type: Email; Queue: RM,Email,"Shared Inbox, Grace Taylor",customer1007@example.com,2026-05-25 09:03:00,0:11:15,Inbound,RM Priority Email,Awaiting Customer Response,GEN-001007,P5 - 1129001007 - Pest Control Request,675
Yes,,Media Type: Email; Queue: RM,Email,Mia Thompson,customer1008@example.com,2026-05-15 07:51:00,0:11:12,Outbound,RM Email,Completed,GEN-001008,P4 - 1129001008 - Kitchen Equipment Fault,672
Yes,,Media Type: Email; Queue: RM,Email,RM Shared Mailbox; Jordan Nguyen,customer1009@example.com,2026-05-23 15:28:00,0:18:57,Inbound,Operations Email,Awaiting Customer Response,GEN-001009,P3 - 1129001009 - Security Door Fault,1137
Yes,,Media Type: Email; Queue: RM,Email,Chloe Martin,customer1010@example.com,2026-05-05 13:11:00,0:10:45,Inbound,Facilities Email,Follow Up Required,GEN-001010,P3 - 1129001010 - Smoke Alarm Fault,645
Yes,,Media Type: Email; Queue: RM,Email,Initial Handler; Queue Transfer; Olivia Harris,customer1011@example.com,2026-05-26 08:37:00,0:17:38,Inbound,Facilities Email,Awaiting Customer Response,GEN-001011,P3 - 1129001011 - Pest Control Request,1058
Yes,,Media Type: Email; Queue: RM,Email,Olivia Harris,customer1012@example.com,2026-05-24 15:10:00,0:15:08,Inbound,RM Email,Follow Up Required,GEN-001012,P1 - 1129001012 - Tap Not Working,908
Yes,,Media Type: Email; Queue: RM,Email,Initial Handler; Queue Transfer; Emily Carter,customer1013@example.com,2026-05-30 12:00:00,0:04:40,Inbound,Operations Email,Transferred,GEN-001013,P2 - 1129001013 - Heating Issue,280
Yes,,Media Type: Email; Queue: RM,Email,Case Owner; Emily Carter,customer1014@example.com,2026-05-29 11:20:00,0:11:38,Inbound,Operations Email,Completed,GEN-001014,P3 - 1129001014 - Damaged Ceiling Tile,698
Yes,,Media Type: Email; Queue: RM,Email,Queue Transfer; Grace Taylor,customer1015@example.com,2026-05-09 08:50:00,0:15:39,Inbound,RM Email,Information Provided,GEN-001015,P3.5 - 1129001015 - Office Temperature Issue,939
Yes,,Media Type: Email; Queue: RM,Email,Queue Transfer; Ava Robinson,customer1016@example.com,2026-05-17 14:30:00,0:19:11,Inbound,Operations Email,Information Provided,GEN-001016,P3 - 1129001016 - Roof Leak,1151
Yes,,Media Type: Email; Queue: RM,Email,Lucas Moore,customer1017@example.com,2026-05-13 09:44:00,0:13:26,Inbound,RM Email,Awaiting Customer Response,GEN-001017,P5 - 1129001017 - Irrigation Issue,806
Yes,,Media Type: Email; Queue: RM,Email,Case Owner; Jordan Nguyen,customer1018@example.com,2026-05-06 10:39:00,0:12:44,Outbound,Operations Email,Information Provided,GEN-001018,P3 - 1129001018 - Heating Issue,764
Yes,,Media Type: Email; Queue: RM,Email,"Shared Inbox, Ethan Clark",customer1019@example.com,2026-05-07 13:33:00,0:18:23,Outbound,Maintenance Email,Information Provided,GEN-001019,P5 (within 7 days) - 1129001019 - Broken Door Handle,1103
Yes,,Media Type: Email; Queue: RM,Email,Initial Handler; Queue Transfer; Ethan Clark,customer1020@example.com,2026-05-21 13:48:00,0:10:08,Outbound,RM Email,Completed,GEN-001020,P2 - 1129001020 - Waste Collection Query,608
Yes,,Media Type: Email; Queue: RM,Email,Initial Handler; Queue Transfer; Emily Carter,customer1021@example.com,2026-05-23 13:20:00,0:19:33,Outbound,RM Priority Email,Follow Up Required,GEN-001021,P3 - 1129001021 - External Lighting Fault,1173
Yes,,Media Type: Email; Queue: RM,Email,"Shared Inbox, Alex Johnson",customer1022@example.com,2026-05-10 16:31:00,0:11:37,Outbound,RM Priority Email,Awaiting Customer Response,GEN-001022,P5 (within 7 days) - 1129001022 - Heating Issue,697
Yes,,Media Type: Email; Queue: RM,Email,Chloe Martin,customer1023@example.com,2026-05-03 15:27:00,0:15:47,Inbound,Maintenance Email,Completed,GEN-001023,P5 - 1129001023 - Fence Damage,947
Yes,,Media Type: Email; Queue: RM,Email,Case Owner; Liam Davis,customer1024@example.com,2026-05-29 16:11:00,0:19:11,Outbound,RM Priority Email,Follow Up Required,GEN-001024,P5 (within 7 days) - 1129001024 - Signage Repair Request,1151
Yes,,Media Type: Email; Queue: RM,Email,Liam Davis,customer1025@example.com,2026-05-09 16:09:00,0:05:02,Inbound,RM Email,Duplicate,GEN-001025,P3 - 1129001025 - Air Conditioner Fault,302
Yes,,Media Type: Email; Queue: RM,Email,Case Owner; Jordan Nguyen,customer1026@example.com,2026-05-06 08:41:00,0:06:05,Inbound,Operations Email,Completed,GEN-001026,P2 - 1129001026 - Fence Damage,365
Yes,,Media Type: Email; Queue: RM,Email,Initial Handler; Queue Transfer; Mia Thompson,customer1027@example.com,2026-05-24 09:23:00,0:15:53,Outbound,Facilities Email,Information Provided,GEN-001027,P3.5 - 1129001027 - Broken Door Handle,953
Yes,,Media Type: Email; Queue: RM,Email,"Shared Inbox, Emily Carter",customer1028@example.com,2026-05-31 12:44:00,0:12:18,Inbound,Maintenance Email,Follow Up Required,GEN-001028,P4 - 1129001028 - Fridge Not Working,738
Yes,,Media Type: Email; Queue: RM,Email,Initial Handler; Queue Transfer; Ava Robinson,customer1029@example.com,2026-05-10 12:29:00,0:15:20,Inbound,Operations Email,Transferred,GEN-001029,P4 - 1129001029 - Window Repair Request,920
Yes,,Media Type: Email; Queue: RM,Email,Queue Transfer; Emily Carter,customer1030@example.com,2026-05-03 16:11:00,0:12:57,Outbound,Operations Email,Completed,GEN-001030,P3 - 1129001030 - Grounds Maintenance Request,777
Yes,,Media Type: Email; Queue: RM,Email,Initial Handler; Queue Transfer; Olivia Harris,customer1031@example.com,2026-05-01 16:26:00,0:14:19,Outbound,RM Email,Duplicate,GEN-001031,P2 - 1129001031 - Fence Damage,859
Yes,,Media Type: Email; Queue: RM,Email,Initial Handler; Queue Transfer; Daniel Lee,customer1032@example.com,2026-05-15 10:05:00,0:06:54,Inbound,RM Priority Email,Completed,GEN-001032,P4 - 1129001032 - Odour In Bathroom,414
Yes,,Media Type: Email; Queue: RM,Email,RM Shared Mailbox; Jordan Nguyen,customer1033@example.com,2026-05-06 16:01:00,0:05:12,Inbound,Operations Email,Follow Up Required,GEN-001033,P5 (within 7 days) - 1129001033 - Toilet Blockage,312
Yes,,Media Type: Email; Queue: RM,Email,Initial Handler; Queue Transfer; Sophie Brown,customer1034@example.com,2026-05-03 11:43:00,0:04:58,Inbound,RM Email,Information Provided,GEN-001034,P3 - 1129001034 - Signage Repair Request,298
Yes,,Media Type: Email; Queue: RM,Email,Queue Transfer; Liam Davis,customer1035@example.com,2026-05-09 11:23:00,0:09:54,Outbound,Facilities Email,Information Provided,GEN-001035,P5 (within 7 days) - 1129001035 - Heating Issue,594
Yes,,Media Type: Email; Queue: RM,Email,RM Shared Mailbox; Brianna Smith,customer1036@example.com,2026-05-28 16:22:00,0:12:24,Inbound,Operations Email,Duplicate,GEN-001036,P4 - 1129001036 - Hot Water Issue,744
Yes,,Media Type: Email; Queue: RM,Email,Queue Transfer; Alex Johnson,customer1037@example.com,2026-05-18 07:09:00,0:09:25,Inbound,Facilities Email,Transferred,GEN-001037,P5 - 1129001037 - Heating Issue,565
Yes,,Media Type: Email; Queue: RM,Email,RM Shared Mailbox; Liam Davis,customer1038@example.com,2026-05-24 10:22:00,0:08:51,Outbound,RM Priority Email,Follow Up Required,GEN-001038,P3 - 1129001038 - Office Temperature Issue,531
Yes,,Media Type: Email; Queue: RM,Email,Case Owner; Jordan Nguyen,customer1039@example.com,2026-05-21 12:10:00,0:19:17,Outbound,RM Priority Email,Transferred,GEN-001039,P3 - 1129001039 - Tap Not Working,1157
Yes,,Media Type: Email; Queue: RM,Email,"Shared Inbox, Jordan Nguyen",customer1040@example.com,2026-05-15 15:10:00,0:17:32,Inbound,RM Priority Email,Information Provided,GEN-001040,P3 - 1129001040 - Access Card Issue,1052
Yes,,Media Type: Email; Queue: RM,Email,Alex Johnson,customer1041@example.com,2026-05-15 12:26:00,0:13:06,Inbound,RM Email,Transferred,GEN-001041,P4 - 1129001041 - Graffiti Removal Request,786
Yes,,Media Type: Email; Queue: RM,Email,RM Shared Mailbox; Alex Johnson,customer1042@example.com,2026-05-08 12:12:00,0:17:10,Outbound,RM Email,Follow Up Required,GEN-001042,P5 - 1129001042 - Signage Repair Request,1030
Yes,,Media Type: Email; Queue: RM,Email,Daniel Lee,customer1043@example.com,2026-05-14 09:10:00,0:11:55,Outbound,RM Email,Transferred,GEN-001043,P4 - 1129001043 - Graffiti Removal Request,715
Yes,,Media Type: Email; Queue: RM,Email,RM Shared Mailbox; Ethan Clark,customer1044@example.com,2026-05-23 14:18:00,0:08:00,Outbound,Facilities Email,Awaiting Customer Response,GEN-001044,P4 - 1129001044 - Roof Leak,480
Yes,,Media Type: Email; Queue: RM,Email,RM Shared Mailbox; Noah Wilson,customer1045@example.com,2026-05-23 12:28:00,0:09:45,Outbound,Facilities Email,Follow Up Required,GEN-001045,P3 - 1129001045 - Kitchen Equipment Fault,585
Yes,,Media Type: Email; Queue: RM,Email,RM Shared Mailbox; Brianna Smith,customer1046@example.com,2026-05-10 10:17:00,0:14:48,Outbound,Maintenance Email,Duplicate,GEN-001046,P3 - 1129001046 - Lift Fault Reported,888
Yes,,Media Type: Email; Queue: RM,Email,RM Shared Mailbox; Chloe Martin,customer1047@example.com,2026-05-08 11:45:00,0:17:35,Outbound,RM Email,Transferred,GEN-001047,P4 - 1129001047 - Heating Issue,1055
Yes,,Media Type: Email; Queue: RM,Email,Case Owner; Ava Robinson,customer1048@example.com,2026-05-27 13:38:00,0:13:59,Outbound,RM Email,Follow Up Required,GEN-001048,P4 - 1129001048 - Air Conditioner Fault,839
Yes,,Media Type: Email; Queue: RM,Email,Queue Transfer; Lucas Moore,customer1049@example.com,2026-05-22 08:04:00,0:15:46,Outbound,Maintenance Email,Awaiting Customer Response,GEN-001049,P4 - 1129001049 - Grounds Maintenance Request,946
Yes,,Media Type: Email; Queue: RM,Email,RM Shared Mailbox; Emily Carter,customer1050@example.com,2026-05-23 11:00:00,0:05:00,Inbound,Maintenance Email,Completed,GEN-001050,P5 - 1129001050 - Smoke Alarm Fault,300
Yes,,Media Type: Email; Queue: RM,Email,RM Shared Mailbox; Liam Davis,customer1051@example.com,2026-05-19 13:34:00,0:07:16,Inbound,RM Priority Email,Transferred,GEN-001051,P2 - 1129001051 - Grounds Maintenance Request,436
Yes,,Media Type: Email; Queue: RM,Email,RM Shared Mailbox; Ethan Clark,customer1052@example.com,2026-05-14 11:23:00,0:04:54,Inbound,RM Email,Information Provided,GEN-001052,P5 - 1129001052 - After Hours Maintenance Request,294
Yes,,Media Type: Email; Queue: RM,Email,RM Shared Mailbox; Ethan Clark,customer1053@example.com,2026-05-02 14:17:00,0:07:32,Inbound,Facilities Email,Transferred,GEN-001053,P5 - 1129001053 - Kitchen Equipment Fault,452
Yes,,Media Type: Email; Queue: RM,Email,Case Owner; Olivia Harris,customer1054@example.com,2026-05-03 10:34:00,0:04:06,Inbound,RM Email,Transferred,GEN-001054,P5 - 1129001054 - Broken Door Handle,246
Yes,,Media Type: Email; Queue: RM,Email,Mia Thompson,customer1055@example.com,2026-05-19 15:45:00,0:10:20,Outbound,Maintenance Email,Completed,GEN-001055,P4 - 1129001055 - Blocked Drain,620
Yes,,Media Type: Email; Queue: RM,Email,Case Owner; Ethan Clark,customer1056@example.com,2026-05-29 07:42:00,0:09:05,Inbound,Facilities Email,Transferred,GEN-001056,P5 - 1129001056 - Damaged Ceiling Tile,545
Yes,,Media Type: Email; Queue: RM,Email,Queue Transfer; Grace Taylor,customer1057@example.com,2026-05-21 16:48:00,0:12:58,Outbound,Maintenance Email,Follow Up Required,GEN-001057,P3 - 1129001057 - Damaged Ceiling Tile,778
Yes,,Media Type: Email; Queue: RM,Email,Queue Transfer; Mia Thompson,customer1058@example.com,2026-05-08 10:25:00,0:14:20,Outbound,RM Email,Transferred,GEN-001058,P5 (within 7 days) - 1129001058 - Blocked Drain,860
Yes,,Media Type: Email; Queue: RM,Email,Case Owner; Jordan Nguyen,customer1059@example.com,2026-05-15 12:29:00,0:16:52,Inbound,Maintenance Email,Information Provided,GEN-001059,P4 - 1129001059 - Drainage Issue,1012
Yes,,Media Type: Email; Queue: RM,Email,Case Owner; Sophie Brown,customer1060@example.com,2026-05-11 14:39:00,0:14:07,Inbound,RM Priority Email,Follow Up Required,GEN-001060,P2 - 1129001060 - Security Door Fault,847
Yes,,Media Type: Email; Queue: RM,Email,Queue Transfer; Olivia Harris,customer1061@example.com,2026-05-19 10:17:00,0:06:01,Inbound,Operations Email,Awaiting Customer Response,GEN-001061,P3 - 1129001061 - Hot Water Issue,361
Yes,,Media Type: Email; Queue: RM,Email,Case Owner; Olivia Harris,customer1062@example.com,2026-05-30 14:05:00,0:06:38,Inbound,Maintenance Email,Completed,GEN-001062,P3 - 1129001062 - Blocked Drain,398
Yes,,Media Type: Email; Queue: RM,Email,Alex Johnson,customer1063@example.com,2026-05-29 13:39:00,0:16:07,Outbound,Maintenance Email,Duplicate,GEN-001063,P5 (within 7 days) - 1129001063 - Air Conditioner Fault,967
Yes,,Media Type: Email; Queue: RM,Email,RM Shared Mailbox; Alex Johnson,customer1064@example.com,2026-05-20 13:04:00,0:11:04,Inbound,Operations Email,Duplicate,GEN-001064,P4 - 1129001064 - Cleaning Request,664
Yes,,Media Type: Email; Queue: RM,Email,Queue Transfer; Emily Carter,customer1065@example.com,2026-05-19 07:10:00,0:16:50,Inbound,Operations Email,Awaiting Customer Response,GEN-001065,P3 - 1129001065 - Heating Issue,1010
Yes,,Media Type: Email; Queue: RM,Email,RM Shared Mailbox; Emily Carter,customer1066@example.com,2026-05-05 09:46:00,0:14:49,Outbound,RM Priority Email,Awaiting Customer Response,GEN-001066,P5 - 1129001066 - Roof Leak,889
Yes,,Media Type: Email; Queue: RM,Email,Lucas Moore,customer1067@example.com,2026-05-23 15:42:00,0:15:09,Outbound,RM Email,Follow Up Required,GEN-001067,P3 - 1129001067 - Broken Door Handle,909
Yes,,Media Type: Email; Queue: RM,Email,"Shared Inbox, Daniel Lee",customer1068@example.com,2026-05-09 14:25:00,0:16:03,Outbound,Maintenance Email,Awaiting Customer Response,GEN-001068,P2 - 1129001068 - Toilet Blockage,963
Yes,,Media Type: Email; Queue: RM,Email,Mia Thompson,customer1069@example.com,2026-05-18 09:55:00,0:12:04,Inbound,RM Email,Awaiting Customer Response,GEN-001069,P2 - 1129001069 - Odour In Bathroom,724
Yes,,Media Type: Email; Queue: RM,Email,Emily Carter,customer1070@example.com,2026-05-18 10:59:00,0:12:46,Inbound,Operations Email,Transferred,GEN-001070,P2 - 1129001070 - Fire Door Issue,766
Yes,,Media Type: Email; Queue: RM,Email,"Shared Inbox, Noah Wilson",customer1071@example.com,2026-05-17 12:28:00,0:14:51,Outbound,RM Email,Completed,GEN-001071,P3 - 1129001071 - Odour In Bathroom,891
Yes,,Media Type: Email; Queue: RM,Email,Case Owner; Noah Wilson,customer1072@example.com,2026-05-04 10:39:00,0:09:38,Outbound,RM Priority Email,Awaiting Customer Response,GEN-001072,P3.5 - 1129001072 - Office Temperature Issue,578
Yes,,Media Type: Email; Queue: RM,Email,Grace Taylor,customer1073@example.com,2026-05-31 10:38:00,0:09:38,Inbound,Maintenance Email,Awaiting Customer Response,GEN-001073,P3 - 1129001073 - Irrigation Issue,578
Yes,,Media Type: Email; Queue: RM,Email,Case Owner; Olivia Harris,customer1074@example.com,2026-05-06 11:23:00,0:06:08,Outbound,Operations Email,Awaiting Customer Response,GEN-001074,P3 - 1129001074 - Hot Water Issue,368
Yes,,Media Type: Email; Queue: RM,Email,Queue Transfer; Chloe Martin,customer1075@example.com,2026-05-30 12:20:00,0:09:38,Outbound,RM Priority Email,Awaiting Customer Response,GEN-001075,P1 - 1129001075 - Damaged Ceiling Tile,578
Yes,,Media Type: Email; Queue: RM,Email,Lucas Moore,customer1076@example.com,2026-05-20 16:36:00,0:04:35,Inbound,Operations Email,Completed,GEN-001076,P3 - 1129001076 - Hot Water Issue,275
Yes,,Media Type: Email; Queue: RM,Email,Queue Transfer; Olivia Harris,customer1077@example.com,2026-05-24 15:16:00,0:05:35,Inbound,Facilities Email,Awaiting Customer Response,GEN-001077,P3 - 1129001077 - Pest Control Request,335
Yes,,Media Type: Email; Queue: RM,Email,Queue Transfer; Daniel Lee,customer1078@example.com,2026-05-25 14:55:00,0:19:49,Outbound,RM Email,Transferred,GEN-001078,P3 - 1129001078 - Kitchen Equipment Fault,1189
Yes,,Media Type: Email; Queue: RM,Email,Queue Transfer; Lucas Moore,customer1079@example.com,2026-05-16 13:45:00,0:04:10,Outbound,RM Priority Email,Transferred,GEN-001079,P2 - 1129001079 - Tap Not Working,250
Yes,,Media Type: Email; Queue: RM,Email,Case Owner; Mia Thompson,customer1080@example.com,2026-05-01 12:58:00,0:05:11,Inbound,RM Priority Email,Awaiting Customer Response,GEN-001080,P3 - 1129001080 - Office Temperature Issue,311
Yes,,Media Type: Email; Queue: RM,Email,Case Owner; Noah Wilson,customer1081@example.com,2026-05-01 16:43:00,0:17:38,Inbound,Facilities Email,Completed,GEN-001081,P5 (within 7 days) - 1129001081 - Graffiti Removal Request,1058
Yes,,Media Type: Email; Queue: RM,Email,Initial Handler; Queue Transfer; Noah Wilson,customer1082@example.com,2026-05-02 08:53:00,0:08:29,Outbound,Facilities Email,Duplicate,GEN-001082,P5 - 1129001082 - Air Conditioner Fault,509
Yes,,Media Type: Email; Queue: RM,Email,Case Owner; Lucas Moore,customer1083@example.com,2026-05-30 15:14:00,0:11:45,Outbound,RM Email,Completed,GEN-001083,P3 - 1129001083 - Odour In Bathroom,705
Yes,,Media Type: Email; Queue: RM,Email,Initial Handler; Queue Transfer; Mia Thompson,customer1084@example.com,2026-05-04 08:48:00,0:12:40,Inbound,Operations Email,Transferred,GEN-001084,P3.5 - 1129001084 - Heating Issue,760
Yes,,Media Type: Email; Queue: RM,Email,Case Owner; Chloe Martin,customer1085@example.com,2026-05-09 10:17:00,0:15:56,Inbound,RM Priority Email,Awaiting Customer Response,GEN-001085,P3 - 1129001085 - Smoke Alarm Fault,956
Yes,,Media Type: Email; Queue: RM,Email,Initial Handler; Queue Transfer; Grace Taylor,customer1086@example.com,2026-05-08 07:06:00,0:18:57,Inbound,Operations Email,Duplicate,GEN-001086,P2 - 1129001086 - Fire Door Issue,1137
Yes,,Media Type: Email; Queue: RM,Email,"Shared Inbox, Emily Carter",customer1087@example.com,2026-05-02 08:18:00,0:06:38,Outbound,RM Priority Email,Awaiting Customer Response,GEN-001087,P3 - 1129001087 - Irrigation Issue,398
Yes,,Media Type: Email; Queue: RM,Email,Case Owner; Lucas Moore,customer1088@example.com,2026-05-02 08:58:00,0:17:40,Outbound,Maintenance Email,Awaiting Customer Response,GEN-001088,P4 - 1129001088 - Power Outage,1060
Yes,,Media Type: Email; Queue: RM,Email,Case Owner; Emily Carter,customer1089@example.com,2026-05-20 09:28:00,0:06:59,Inbound,RM Priority Email,Duplicate,GEN-001089,P3 - 1129001089 - Hot Water Issue,419
Yes,,Media Type: Email; Queue: RM,Email,Initial Handler; Queue Transfer; Emily Carter,customer1090@example.com,2026-05-30 10:10:00,0:15:44,Inbound,Operations Email,Duplicate,GEN-001090,P3.5 - 1129001090 - Signage Repair Request,944
Yes,,Media Type: Email; Queue: RM,Email,Queue Transfer; Brianna Smith,customer1091@example.com,2026-05-06 12:00:00,0:07:33,Inbound,Operations Email,Completed,GEN-001091,P4 - 1129001091 - Security Door Fault,453
Yes,,Media Type: Email; Queue: RM,Email,"Shared Inbox, Liam Davis",customer1092@example.com,2026-05-19 10:42:00,0:18:18,Inbound,RM Email,Awaiting Customer Response,GEN-001092,P3 - 1129001092 - Power Outage,1098
Yes,,Media Type: Email; Queue: RM,Email,Case Owner; Chloe Martin,customer1093@example.com,2026-05-31 08:49:00,0:15:45,Inbound,Facilities Email,Information Provided,GEN-001093,P3 - 1129001093 - Heating Issue,945
Yes,,Media Type: Email; Queue: RM,Email,Initial Handler; Queue Transfer; Emily Carter,customer1094@example.com,2026-05-26 07:59:00,0:05:41,Inbound,RM Priority Email,Information Provided,GEN-001094,P4 - 1129001094 - Fence Damage,341
Yes,,Media Type: Email; Queue: RM,Email,Queue Transfer; Chloe Martin,customer1095@example.com,2026-05-19 08:28:00,0:13:25,Outbound,RM Email,Awaiting Customer Response,GEN-001095,P2 - 1129001095 - Furniture Repair Request,805
Yes,,Media Type: Email; Queue: RM,Email,Queue Transfer; Alex Johnson,customer1096@example.com,2026-05-18 12:42:00,0:10:15,Inbound,RM Priority Email,Transferred,GEN-001096,P2 - 1129001096 - After Hours Maintenance Request,615
Yes,,Media Type: Email; Queue: RM,Email,"Shared Inbox, Brianna Smith",customer1097@example.com,2026-05-10 07:12:00,0:08:06,Inbound,Facilities Email,Awaiting Customer Response,GEN-001097,P4 - 1129001097 - Signage Repair Request,486
Yes,,Media Type: Email; Queue: RM,Email,RM Shared Mailbox; Grace Taylor,customer1098@example.com,2026-05-02 09:35:00,0:07:57,Outbound,Operations Email,Follow Up Required,GEN-001098,P5 (within 7 days) - 1129001098 - Electrical Fault,477
Yes,,Media Type: Email; Queue: RM,Email,Initial Handler; Queue Transfer; Noah Wilson,customer1099@example.com,2026-05-29 08:24:00,0:04:42,Inbound,Facilities Email,Follow Up Required,GEN-001099,P5 - 1129001099 - Car Park Lighting Fault,282
Yes,,Media Type: Email; Queue: RM,Email,"Shared Inbox, Alex Johnson",customer1100@example.com,2026-05-03 08:21:00,0:09:56,Inbound,Operations Email,Transferred,GEN-001100,P3.5 - 1129001100 - Air Conditioner Fault,596
Yes,,Media Type: Email; Queue: RM,Email,Ethan Clark,customer1101@example.com,2026-05-01 08:15:00,0:14:07,Inbound,Facilities Email,Information Provided,GEN-001101,P3 - 1129001101 - Irrigation Issue,847
Yes,,Media Type: Email; Queue: RM,Email,Case Owner; Chloe Martin,customer1102@example.com,2026-05-05 14:59:00,0:06:47,Outbound,Operations Email,Completed,GEN-001102,P3 - 1129001102 - Access Card Issue,407
Yes,,Media Type: Email; Queue: RM,Email,Emily Carter,customer1103@example.com,2026-05-25 10:00:00,0:13:44,Outbound,Maintenance Email,Duplicate,GEN-001103,P2 - 1129001103 - Furniture Repair Request,824
Yes,,Media Type: Email; Queue: RM,Email,Olivia Harris,customer1104@example.com,2026-05-13 08:51:00,0:09:29,Inbound,Operations Email,Duplicate,GEN-001104,P3 - 1129001104 - Graffiti Removal Request,569
Yes,,Media Type: Email; Queue: RM,Email,"Shared Inbox, Ava Robinson",customer1105@example.com,2026-05-16 12:33:00,0:07:38,Inbound,Facilities Email,Information Provided,GEN-001105,P3.5 - 1129001105 - Heating Issue,458
Yes,,Media Type: Email; Queue: RM,Email,Queue Transfer; Sophie Brown,customer1106@example.com,2026-05-18 09:11:00,0:10:43,Inbound,Operations Email,Follow Up Required,GEN-001106,P3 - 1129001106 - Cleaning Request,643
Yes,,Media Type: Email; Queue: RM,Email,Case Owner; Brianna Smith,customer1107@example.com,2026-05-24 07:15:00,0:15:59,Outbound,Operations Email,Follow Up Required,GEN-001107,P4 - 1129001107 - Lighting Fault,959
Yes,,Media Type: Email; Queue: RM,Email,Case Owner; Daniel Lee,customer1108@example.com,2026-05-08 12:57:00,0:19:31,Outbound,Maintenance Email,Duplicate,GEN-001108,P1 - 1129001108 - Flooring Damage,1171
Yes,,Media Type: Email; Queue: RM,Email,Case Owner; Alex Johnson,customer1109@example.com,2026-05-27 12:48:00,0:17:54,Outbound,RM Email,Follow Up Required,GEN-001109,P2 - 1129001109 - General Maintenance Request,1074
Yes,,Media Type: Email; Queue: RM,Email,Case Owner; Mia Thompson,customer1110@example.com,2026-05-07 12:16:00,0:12:50,Outbound,RM Email,Information Provided,GEN-001110,P3 - 1129001110 - Signage Repair Request,770
Yes,,Media Type: Email; Queue: RM,Email,"Shared Inbox, Sophie Brown",customer1111@example.com,2026-05-14 11:48:00,0:15:57,Inbound,Operations Email,Transferred,GEN-001111,P2 - 1129001111 - Lighting Fault,957
Yes,,Media Type: Email; Queue: RM,Email,Initial Handler; Queue Transfer; Grace Taylor,customer1112@example.com,2026-05-01 16:01:00,0:16:20,Inbound,Operations Email,Transferred,GEN-001112,P5 (within 7 days) - 1129001112 - Waste Collection Query,980
Yes,,Media Type: Email; Queue: RM,Email,Case Owner; Daniel Lee,customer1113@example.com,2026-05-15 16:37:00,0:16:01,Inbound,RM Priority Email,Completed,GEN-001113,P3 - 1129001113 - Tap Not Working,961
Yes,,Media Type: Email; Queue: RM,Email,Mia Thompson,customer1114@example.com,2026-05-04 08:01:00,0:15:16,Outbound,Maintenance Email,Awaiting Customer Response,GEN-001114,P3 - 1129001114 - Irrigation Issue,916
Yes,,Media Type: Email; Queue: RM,Email,Queue Transfer; Brianna Smith,customer1115@example.com,2026-05-12 12:52:00,0:17:36,Inbound,RM Priority Email,Follow Up Required,GEN-001115,P3 - 1129001115 - Damaged Ceiling Tile,1056
Yes,,Media Type: Email; Queue: RM,Email,RM Shared Mailbox; Lucas Moore,customer1116@example.com,2026-05-11 16:19:00,0:16:56,Outbound,RM Email,Completed,GEN-001116,P2 - 1129001116 - Fridge Not Working,1016
Yes,,Media Type: Email; Queue: RM,Email,Case Owner; Mia Thompson,customer1117@example.com,2026-05-29 13:38:00,0:17:06,Outbound,RM Priority Email,Information Provided,GEN-001117,P5 - 1129001117 - Odour In Bathroom,1026
Yes,,Media Type: Email; Queue: RM,Email,Olivia Harris,customer1118@example.com,2026-05-26 15:24:00,0:08:46,Outbound,Operations Email,Awaiting Customer Response,GEN-001118,P3 - 1129001118 - Heating Issue,526
Yes,,Media Type: Email; Queue: RM,Email,"Shared Inbox, Grace Taylor",customer1119@example.com,2026-05-15 13:19:00,0:07:05,Outbound,Maintenance Email,Follow Up Required,GEN-001119,P3.5 - 1129001119 - Hot Water Issue,425
Yes,,Media Type: Email; Queue: RM,Email,Queue Transfer; Jordan Nguyen,customer1120@example.com,2026-05-15 07:59:00,0:04:49,Inbound,Maintenance Email,Transferred,GEN-001120,P3.5 - 1129001120 - Window Repair Request,289
Yes,,Media Type: Email; Queue: RM,Email,Case Owner; Emily Carter,customer1121@example.com,2026-05-20 14:10:00,0:05:45,Outbound,Operations Email,Information Provided,GEN-001121,P3.5 - 1129001121 - General Maintenance Request,345
Yes,,Media Type: Email; Queue: RM,Email,RM Shared Mailbox; Ethan Clark,customer1122@example.com,2026-05-21 07:15:00,0:06:43,Outbound,Maintenance Email,Information Provided,GEN-001122,P3.5 - 1129001122 - Irrigation Issue,403
Yes,,Media Type: Email; Queue: RM,Email,Sophie Brown,customer1123@example.com,2026-05-04 09:35:00,0:10:49,Outbound,Maintenance Email,Completed,GEN-001123,P4 - 1129001123 - Flooring Damage,649
Yes,,Media Type: Email; Queue: RM,Email,"Shared Inbox, Ava Robinson",customer1124@example.com,2026-05-01 16:26:00,0:16:13,Inbound,Facilities Email,Completed,GEN-001124,P2 - 1129001124 - Waste Collection Query,973
Yes,,Media Type: Email; Queue: RM,Email,Initial Handler; Queue Transfer; Emily Carter,customer1125@example.com,2026-05-26 08:09:00,0:06:24,Inbound,RM Priority Email,Follow Up Required,GEN-001125,P5 - 1129001125 - Blocked Drain,384
Yes,,Media Type: Email; Queue: RM,Email,"Shared Inbox, Ava Robinson",customer1126@example.com,2026-05-08 11:36:00,0:12:27,Inbound,Operations Email,Completed,GEN-001126,P3 - 1129001126 - After Hours Maintenance Request,747
Yes,,Media Type: Email; Queue: RM,Email,Ethan Clark,customer1127@example.com,2026-05-18 13:43:00,0:04:20,Outbound,Operations Email,Duplicate,GEN-001127,P4 - 1129001127 - Window Repair Request,260
Yes,,Media Type: Email; Queue: RM,Email,RM Shared Mailbox; Jordan Nguyen,customer1128@example.com,2026-05-26 13:27:00,0:14:18,Inbound,RM Priority Email,Information Provided,GEN-001128,P2 - 1129001128 - Blocked Drain,858
Yes,,Media Type: Email; Queue: RM,Email,Queue Transfer; Lucas Moore,customer1129@example.com,2026-05-31 14:38:00,0:18:32,Outbound,Maintenance Email,Awaiting Customer Response,GEN-001129,P5 (within 7 days) - 1129001129 - Graffiti Removal Request,1112
Yes,,Media Type: Email; Queue: RM,Email,Queue Transfer; Chloe Martin,customer1130@example.com,2026-05-26 13:26:00,0:18:12,Outbound,Facilities Email,Information Provided,GEN-001130,P5 - 1129001130 - Odour In Bathroom,1092
Yes,,Media Type: Email; Queue: RM,Email,Queue Transfer; Olivia Harris,customer1131@example.com,2026-05-19 14:00:00,0:12:44,Outbound,Operations Email,Follow Up Required,GEN-001131,P1 - 1129001131 - Hot Water Issue,764
Yes,,Media Type: Email; Queue: RM,Email,Emily Carter,customer1132@example.com,2026-05-21 07:58:00,0:14:17,Inbound,Operations Email,Completed,GEN-001132,P3.5 - 1129001132 - Damaged Ceiling Tile,857
Yes,,Media Type: Email; Queue: RM,Email,RM Shared Mailbox; Ava Robinson,customer1133@example.com,2026-05-01 07:06:00,0:09:29,Inbound,RM Email,Awaiting Customer Response,GEN-001133,P5 - 1129001133 - Signage Repair Request,569
Yes,,Media Type: Email; Queue: RM,Email,"Shared Inbox, Daniel Lee",customer1134@example.com,2026-05-05 15:04:00,0:10:39,Outbound,Operations Email,Information Provided,GEN-001134,P5 (within 7 days) - 1129001134 - Electrical Fault,639
Yes,,Media Type: Email; Queue: RM,Email,Initial Handler; Queue Transfer; Emily Carter,customer1135@example.com,2026-05-25 08:15:00,0:08:40,Outbound,Maintenance Email,Follow Up Required,GEN-001135,P3 - 1129001135 - Kitchen Equipment Fault,520
Yes,,Media Type: Email; Queue: RM,Email,Initial Handler; Queue Transfer; Sophie Brown,customer1136@example.com,2026-05-25 07:34:00,0:15:51,Inbound,Maintenance Email,Duplicate,GEN-001136,P1 - 1129001136 - Window Repair Request,951
Yes,,Media Type: Email; Queue: RM,Email,Queue Transfer; Chloe Martin,customer1137@example.com,2026-05-02 09:39:00,0:13:12,Inbound,RM Email,Awaiting Customer Response,GEN-001137,P5 - 1129001137 - Electrical Fault,792
Yes,,Media Type: Email; Queue: RM,Email,RM Shared Mailbox; Mia Thompson,customer1138@example.com,2026-05-31 10:21:00,0:07:38,Inbound,Maintenance Email,Information Provided,GEN-001138,P1 - 1129001138 - Water Leak Reported,458
Yes,,Media Type: Email; Queue: RM,Email,"Shared Inbox, Liam Davis",customer1139@example.com,2026-05-21 10:01:00,0:04:15,Inbound,Operations Email,Information Provided,GEN-001139,P4 - 1129001139 - Odour In Bathroom,255
Yes,,Media Type: Email; Queue: RM,Email,Queue Transfer; Jordan Nguyen,customer1140@example.com,2026-05-18 12:30:00,0:14:43,Inbound,Operations Email,Follow Up Required,GEN-001140,P3 - 1129001140 - Heating Issue,883
Yes,,Media Type: Email; Queue: RM,Email,Mia Thompson,customer1141@example.com,2026-05-13 07:06:00,0:19:03,Inbound,Maintenance Email,Duplicate,GEN-001141,P3 - 1129001141 - Power Outage,1143
Yes,,Media Type: Email; Queue: RM,Email,RM Shared Mailbox; Alex Johnson,customer1142@example.com,2026-05-06 08:22:00,0:13:03,Inbound,Operations Email,Information Provided,GEN-001142,P3 - 1129001142 - Signage Repair Request,783
Yes,,Media Type: Email; Queue: RM,Email,Case Owner; Daniel Lee,customer1143@example.com,2026-05-13 10:57:00,0:17:24,Inbound,RM Priority Email,Duplicate,GEN-001143,P3 - 1129001143 - Blocked Drain,1044
Yes,,Media Type: Email; Queue: RM,Email,"Shared Inbox, Grace Taylor",customer1144@example.com,2026-05-20 08:50:00,0:15:58,Inbound,Facilities Email,Awaiting Customer Response,GEN-001144,P4 - 1129001144 - Lift Fault Reported,958
Yes,,Media Type: Email; Queue: RM,Email,"Shared Inbox, Grace Taylor",customer1145@example.com,2026-05-15 11:36:00,0:14:11,Inbound,Operations Email,Transferred,GEN-001145,P4 - 1129001145 - Waste Collection Query,851
Yes,,Media Type: Email; Queue: RM,Email,Queue Transfer; Ethan Clark,customer1146@example.com,2026-05-02 12:42:00,0:14:14,Inbound,RM Priority Email,Completed,GEN-001146,P5 (within 7 days) - 1129001146 - Flooring Damage,854
Yes,,Media Type: Email; Queue: RM,Email,RM Shared Mailbox; Daniel Lee,customer1147@example.com,2026-05-13 08:33:00,0:10:39,Outbound,Facilities Email,Follow Up Required,GEN-001147,P2 - 1129001147 - Graffiti Removal Request,639
Yes,,Media Type: Email; Queue: RM,Email,Queue Transfer; Mia Thompson,customer1148@example.com,2026-05-16 08:48:00,0:19:30,Outbound,Facilities Email,Awaiting Customer Response,GEN-001148,P3 - 1129001148 - Fridge Not Working,1170
Yes,,Media Type: Email; Queue: RM,Email,Case Owner; Chloe Martin,customer1149@example.com,2026-05-19 14:02:00,0:19:37,Inbound,RM Email,Completed,GEN-001149,P3 - 1129001149 - Heating Issue,1177
Yes,,Media Type: Email; Queue: RM,Email,RM Shared Mailbox; Emily Carter,customer1150@example.com,2026-05-13 16:50:00,0:09:21,Inbound,RM Priority Email,Information Provided,GEN-001150,P3 - 1129001150 - Tap Not Working,561
Yes,,Media Type: Email; Queue: RM,Email,Mia Thompson,customer1151@example.com,2026-05-23 16:04:00,0:15:09,Inbound,Maintenance Email,Awaiting Customer Response,GEN-001151,P3 - 1129001151 - Roof Leak,909
Yes,,Media Type: Email; Queue: RM,Email,"Shared Inbox, Lucas Moore",customer1152@example.com,2026-05-04 11:10:00,0:09:35,Inbound,Facilities Email,Transferred,GEN-001152,P3 - 1129001152 - Smoke Alarm Fault,575
Yes,,Media Type: Email; Queue: RM,Email,Queue Transfer; Ava Robinson,customer1153@example.com,2026-05-13 07:55:00,0:08:28,Inbound,Maintenance Email,Completed,GEN-001153,P3.5 - 1129001153 - Fence Damage,508
Yes,,Media Type: Email; Queue: RM,Email,"Shared Inbox, Ethan Clark",customer1154@example.com,2026-05-20 16:41:00,0:04:07,Inbound,RM Email,Completed,GEN-001154,P5 (within 7 days) - 1129001154 - Security Door Fault,247
Yes,,Media Type: Email; Queue: RM,Email,RM Shared Mailbox; Noah Wilson,customer1155@example.com,2026-05-01 16:36:00,0:09:11,Inbound,Facilities Email,Completed,GEN-001155,P4 - 1129001155 - Cleaning Request,551
Yes,,Media Type: Email; Queue: RM,Email,Noah Wilson,customer1156@example.com,2026-05-27 11:30:00,0:12:21,Outbound,Operations Email,Awaiting Customer Response,GEN-001156,P5 (within 7 days) - 1129001156 - Furniture Repair Request,741
Yes,,Media Type: Email; Queue: RM,Email,Case Owner; Sophie Brown,customer1157@example.com,2026-05-12 08:23:00,0:17:24,Outbound,Maintenance Email,Completed,GEN-001157,P3 - 1129001157 - Lift Fault Reported,1044
Yes,,Media Type: Email; Queue: RM,Email,RM Shared Mailbox; Olivia Harris,customer1158@example.com,2026-05-27 07:45:00,0:08:14,Outbound,RM Priority Email,Duplicate,GEN-001158,P3.5 - 1129001158 - Power Outage,494
Yes,,Media Type: Email; Queue: RM,Email,Initial Handler; Queue Transfer; Ava Robinson,customer1159@example.com,2026-05-14 10:54:00,0:05:49,Outbound,Facilities Email,Follow Up Required,GEN-001159,P3 - 1129001159 - Electrical Fault,349
Yes,,Media Type: Email; Queue: RM,Email,"Shared Inbox, Emily Carter",customer1160@example.com,2026-05-13 11:43:00,0:14:12,Outbound,Operations Email,Transferred,GEN-001160,P2 - 1129001160 - Power Outage,852
Yes,,Media Type: Email; Queue: RM,Email,RM Shared Mailbox; Emily Carter,customer1161@example.com,2026-05-15 15:30:00,0:04:49,Outbound,Maintenance Email,Awaiting Customer Response,GEN-001161,P3 - 1129001161 - Hot Water Issue,289
Yes,,Media Type: Email; Queue: RM,Email,Initial Handler; Queue Transfer; Jordan Nguyen,customer1162@example.com,2026-05-24 14:13:00,0:19:13,Inbound,RM Priority Email,Follow Up Required,GEN-001162,P3 - 1129001162 - Electrical Fault,1153
Yes,,Media Type: Email; Queue: RM,Email,RM Shared Mailbox; Ethan Clark,customer1163@example.com,2026-05-02 10:03:00,0:07:53,Inbound,Maintenance Email,Transferred,GEN-001163,P3.5 - 1129001163 - Lift Fault Reported,473
Yes,,Media Type: Email; Queue: RM,Email,Queue Transfer; Noah Wilson,customer1164@example.com,2026-05-25 09:08:00,0:10:24,Outbound,Operations Email,Awaiting Customer Response,GEN-001164,P4 - 1129001164 - Water Leak Reported,624
Yes,,Media Type: Email; Queue: RM,Email,Brianna Smith,customer1165@example.com,2026-05-14 07:10:00,0:08:32,Outbound,Facilities Email,Completed,GEN-001165,P4 - 1129001165 - Fire Door Issue,512
Yes,,Media Type: Email; Queue: RM,Email,"Shared Inbox, Ava Robinson",customer1166@example.com,2026-05-11 16:26:00,0:19:54,Outbound,RM Email,Awaiting Customer Response,GEN-001166,P4 - 1129001166 - Roof Leak,1194
Yes,,Media Type: Email; Queue: RM,Email,Jordan Nguyen,customer1167@example.com,2026-05-14 13:41:00,0:05:26,Inbound,Facilities Email,Information Provided,GEN-001167,P3 - 1129001167 - Smoke Alarm Fault,326
Yes,,Media Type: Email; Queue: RM,Email,Brianna Smith,customer1168@example.com,2026-05-08 12:14:00,0:10:27,Outbound,RM Email,Follow Up Required,GEN-001168,P3 - 1129001168 - Toilet Blockage,627
Yes,,Media Type: Email; Queue: RM,Email,Daniel Lee,customer1169@example.com,2026-05-05 15:32:00,0:19:37,Inbound,RM Priority Email,Awaiting Customer Response,GEN-001169,P2 - 1129001169 - Kitchen Equipment Fault,1177
Yes,,Media Type: Email; Queue: RM,Email,RM Shared Mailbox; Grace Taylor,customer1170@example.com,2026-05-31 11:53:00,0:13:22,Outbound,RM Priority Email,Follow Up Required,GEN-001170,P3 - 1129001170 - Electrical Fault,802
Yes,,Media Type: Email; Queue: RM,Email,Initial Handler; Queue Transfer; Emily Carter,customer1171@example.com,2026-05-26 12:25:00,0:16:45,Outbound,Facilities Email,Follow Up Required,GEN-001171,P2 - 1129001171 - Kitchen Equipment Fault,1005
Yes,,Media Type: Email; Queue: RM,Email,Chloe Martin,customer1172@example.com,2026-05-17 11:51:00,0:13:38,Inbound,Facilities Email,Duplicate,GEN-001172,General enquiry - 1129001172 - Graffiti Removal Request,818
Yes,,Media Type: Email; Queue: RM,Email,Queue Transfer; Jordan Nguyen,customer1173@example.com,2026-05-16 10:49:00,0:18:22,Inbound,Operations Email,Awaiting Customer Response,GEN-001173,P4 - 1129001173 - Fence Damage,1102
Yes,,Media Type: Email; Queue: RM,Email,RM Shared Mailbox; Noah Wilson,customer1174@example.com,2026-05-27 08:28:00,0:13:17,Inbound,RM Email,Follow Up Required,GEN-001174,P2 - 1129001174 - Cleaning Request,797
Yes,,Media Type: Email; Queue: RM,Email,Case Owner; Lucas Moore,customer1175@example.com,2026-05-23 10:57:00,0:16:39,Outbound,Facilities Email,Information Provided,GEN-001175,P3 - 1129001175 - Pest Control Request,999
Yes,,Media Type: Email; Queue: RM,Email,RM Shared Mailbox; Ethan Clark,customer1176@example.com,2026-05-06 12:05:00,0:11:22,Outbound,Facilities Email,Awaiting Customer Response,GEN-001176,P3 - 1129001176 - Fence Damage,682
Yes,,Media Type: Email; Queue: RM,Email,Queue Transfer; Lucas Moore,customer1177@example.com,2026-05-30 11:52:00,0:05:35,Outbound,Maintenance Email,Follow Up Required,GEN-001177,P3.5 - 1129001177 - Toilet Blockage,335
Yes,,Media Type: Email; Queue: RM,Email,Queue Transfer; Liam Davis,customer1178@example.com,2026-05-03 16:33:00,0:09:37,Outbound,Maintenance Email,Awaiting Customer Response,GEN-001178,P3 - 1129001178 - Graffiti Removal Request,577
Yes,,Media Type: Email; Queue: RM,Email,RM Shared Mailbox; Grace Taylor,customer1179@example.com,2026-05-09 12:31:00,0:04:00,Outbound,Facilities Email,Information Provided,GEN-001179,P2 - 1129001179 - External Lighting Fault,240
Yes,,Media Type: Email; Queue: RM,Email,RM Shared Mailbox; Chloe Martin,customer1180@example.com,2026-05-09 11:37:00,0:19:50,Outbound,Maintenance Email,Information Provided,GEN-001180,P1 - 1129001180 - Flooring Damage,1190
Yes,,Media Type: Email; Queue: RM,Email,RM Shared Mailbox; Alex Johnson,customer1181@example.com,2026-05-16 09:23:00,0:08:17,Inbound,Operations Email,Follow Up Required,GEN-001181,P5 - 1129001181 - Furniture Repair Request,497
Yes,,Media Type: Email; Queue: RM,Email,RM Shared Mailbox; Emily Carter,customer1182@example.com,2026-05-30 08:02:00,0:11:10,Inbound,RM Email,Information Provided,GEN-001182,P3 - 1129001182 - Toilet Blockage,670
Yes,,Media Type: Email; Queue: RM,Email,Liam Davis,customer1183@example.com,2026-05-05 07:57:00,0:11:10,Outbound,Facilities Email,Follow Up Required,GEN-001183,P4 - 1129001183 - Fire Door Issue,670
Yes,,Media Type: Email; Queue: RM,Email,"Shared Inbox, Alex Johnson",customer1184@example.com,2026-05-28 16:00:00,0:05:08,Outbound,Facilities Email,Awaiting Customer Response,GEN-001184,P3 - 1129001184 - Irrigation Issue,308
Yes,,Media Type: Email; Queue: RM,Email,Initial Handler; Queue Transfer; Chloe Martin,customer1185@example.com,2026-05-26 09:32:00,0:11:51,Outbound,RM Email,Information Provided,GEN-001185,General enquiry - 1129001185 - Tap Not Working,711
Yes,,Media Type: Email; Queue: RM,Email,"Shared Inbox, Liam Davis",customer1186@example.com,2026-05-09 07:23:00,0:11:21,Outbound,Maintenance Email,Duplicate,GEN-001186,P3.5 - 1129001186 - Smoke Alarm Fault,681
Yes,,Media Type: Email; Queue: RM,Email,Ethan Clark,customer1187@example.com,2026-05-03 11:21:00,0:17:06,Inbound,Facilities Email,Duplicate,GEN-001187,P4 - 1129001187 - After Hours Maintenance Request,1026
Yes,,Media Type: Email; Queue: RM,Email,Mia Thompson,customer1188@example.com,2026-05-05 08:29:00,0:13:42,Inbound,RM Priority Email,Follow Up Required,GEN-001188,P4 - 1129001188 - Window Repair Request,822
Yes,,Media Type: Email; Queue: RM,Email,Initial Handler; Queue Transfer; Grace Taylor,customer1189@example.com,2026-05-27 16:15:00,0:06:37,Outbound,Operations Email,Transferred,GEN-001189,P5 - 1129001189 - Tap Not Working,397
Yes,,Media Type: Email; Queue: RM,Email,RM Shared Mailbox; Chloe Martin,customer1190@example.com,2026-05-02 08:40:00,0:05:17,Inbound,Operations Email,Awaiting Customer Response,GEN-001190,P2 - 1129001190 - Blocked Sink,317
Yes,,Media Type: Email; Queue: RM,Email,RM Shared Mailbox; Chloe Martin,customer1191@example.com,2026-05-01 08:26:00,0:13:23,Outbound,Operations Email,Follow Up Required,GEN-001191,P4 - 1129001191 - Lighting Fault,803
Yes,,Media Type: Email; Queue: RM,Email,"Shared Inbox, Ethan Clark",customer1192@example.com,2026-05-21 09:57:00,0:17:13,Outbound,RM Priority Email,Completed,GEN-001192,P3.5 - 1129001192 - Pest Control Request,1033
Yes,,Media Type: Email; Queue: RM,Email,Queue Transfer; Brianna Smith,customer1193@example.com,2026-05-24 07:36:00,0:11:49,Inbound,Facilities Email,Follow Up Required,GEN-001193,P5 - 1129001193 - Irrigation Issue,709
Yes,,Media Type: Email; Queue: RM,Email,Initial Handler; Queue Transfer; Liam Davis,customer1194@example.com,2026-05-11 09:41:00,0:12:14,Inbound,Facilities Email,Follow Up Required,GEN-001194,P3 - 1129001194 - Signage Repair Request,734
Yes,,Media Type: Email; Queue: RM,Email,Queue Transfer; Noah Wilson,customer1195@example.com,2026-05-12 07:36:00,0:10:01,Inbound,RM Email,Awaiting Customer Response,GEN-001195,P4 - 1129001195 - Graffiti Removal Request,601
Yes,,Media Type: Email; Queue: RM,Email,Mia Thompson,customer1196@example.com,2026-05-19 10:36:00,0:14:13,Inbound,RM Priority Email,Follow Up Required,GEN-001196,P4 - 1129001196 - Flooring Damage,853
Yes,,Media Type: Email; Queue: RM,Email,Case Owner; Ethan Clark,customer1197@example.com,2026-05-05 09:57:00,0:06:42,Inbound,Operations Email,Awaiting Customer Response,GEN-001197,P5 - 1129001197 - Window Repair Request,402
Yes,,Media Type: Email; Queue: RM,Email,Queue Transfer; Lucas Moore,customer1198@example.com,2026-05-19 13:32:00,0:10:26,Outbound,RM Email,Awaiting Customer Response,GEN-001198,P2 - 1129001198 - Broken Door Handle,626
Yes,,Media Type: Email; Queue: RM,Email,"Shared Inbox, Lucas Moore",customer1199@example.com,2026-05-13 07:16:00,0:11:08,Inbound,RM Email,Information Provided,GEN-001199,P3 - 1129001199 - Fence Damage,668
Yes,,Media Type: Email; Queue: RM,Email,RM Shared Mailbox; Chloe Martin,customer1200@example.com,2026-05-31 13:27:00,0:07:09,Outbound,RM Email,Follow Up Required,GEN-001200,P3 - 1129001200 - Smoke Alarm Fault,429
